City,Code,WaterReceived
Alcacer do Sal,C_1,52
Aveiro,C_2,515
Beja,C_3,110
Braga,C_4,1208
Bragança,C_5,125
Castelo Branco,C_6,230
Coimbra,C_7,896
Covilhã,C_8,100
Estremoz,C_9,53
Évora,C_10,220
Faro,C_11,407
Guarda,C_12,177
Lagos,C_13,123
Leiria,C_14,406
Lisboa,C_15,12250
Portalegre,C_16,96
Porto,C_17,5650
Santarém,C_18,200
Setúbal,C_19,780
Viana do Castelo,C_20,100
Vila real,C_21,135
Viseu,C_22,330
City,Code,WaterReceived
Alcacer do Sal,C_1,52
Aveiro,C_2,515
Beja,C_3,110
Braga,C_4,1208
Bragança,C_5,125
Castelo Branco,C_6,230
Coimbra,C_7,896
Covilhã,C_8,100
Estremoz,C_9,53
Évora,C_10,220
Faro,C_11,407
Guarda,C_12,177
Lagos,C_13,123
Leiria,C_14,406
Lisboa,C_15,12250
Portalegre,C_16,96
Porto,C_17,4650
Santarém,C_18,200
Setúbal,C_19,780
Viana do Castelo,C_20,100
Vila real,C_21,135
Viseu,C_22,330
City,Code,WaterReceived
Alcacer do Sal,C_1,52
Aveiro,C_2,515
Beja,C_3,110
Braga,C_4,1208
Bragança,C_5,125
Castelo Branco,C_6,230
Coimbra,C_7,896
Covilhã,C_8,100
Estremoz,C_9,53
Évora,C_10,220
Faro,C_11,407
Guarda,C_12,177
Lagos,C_13,123
Leiria,C_14,406
Lisboa,C_15,12250
Portalegre,C_16,96
Porto,C_17,5650
Santarém,C_18,200
Setúbal,C_19,780
Viana do Castelo,C_20,100
Vila real,C_21,135
Viseu,C_22,330
City,Code,WaterReceived
Alcacer do Sal,C_1,52
Aveiro,C_2,515
Beja,C_3,110
Braga,C_4,1208
Bragança,C_5,125
Castelo Branco,C_6,230
Coimbra,C_7,896
Covilhã,C_8,100
Estremoz,C_9,53
Évora,C_10,220
Faro,C_11,407
Guarda,C_12,177
Lagos,C_13,123
Leiria,C_14,406
Lisboa,C_15,12250
Portalegre,C_16,96
Porto,C_17,5650
Santarém,C_18,200
Setúbal,C_19,780
Viana do Castelo,C_20,100
Vila real,C_21,135
Viseu,C_22,330
City,Code,WaterReceived
Alcacer do Sal,C_1,52
Aveiro,C_2,515
Beja,C_3,110
Braga,C_4,1208
Bragança,C_5,125
Castelo Branco,C_6,230
Coimbra,C_7,896
Covilhã,C_8,100
Estremoz,C_9,53
Évora,C_10,220
Faro,C_11,407
Guarda,C_12,177
Lagos,C_13,123
Leiria,C_14,406
Lisboa,C_15,12250
Portalegre,C_16,96
Porto,C_17,5650
Santarém,C_18,200
Setúbal,C_19,780
Viana do Castelo,C_20,100
Vila real,C_21,135
Viseu,C_22,330
City,Code,WaterReceived
Alcacer do Sal,C_1,52
Aveiro,C_2,515
Beja,C_3,110
Braga,C_4,1208
Bragança,C_5,125
Castelo Branco,C_6,230
Coimbra,C_7,300
Covilhã,C_8,100
Estremoz,C_9,53
Évora,C_10,220
Faro,C_11,407
Guarda,C_12,177
Lagos,C_13,123
Leiria,C_14,320
Lisboa,C_15,12250
Portalegre,C_16,96
Porto,C_17,5650
Santarém,C_18,200
Setúbal,C_19,780
Viana do Castelo,C_20,100
Vila real,C_21,135
Viseu,C_22,330
City,Code,WaterReceived
Alcacer do Sal,C_1,52
Aveiro,C_2,515
Beja,C_3,110
Braga,C_4,1208
Bragança,C_5,125
Castelo Branco,C_6,230
Coimbra,C_7,600
Covilhã,C_8,100
Estremoz,C_9,53
Évora,C_10,220
Faro,C_11,407
Guarda,C_12,177
Lagos,C_13,123
Leiria,C_14,406
Lisboa,C_15,12250
Portalegre,C_16,96
Porto,C_17,5650
Santarém,C_18,200
Setúbal,C_19,780
Viana do Castelo,C_20,100
Vila real,C_21,135
Viseu,C_22,330
City,Code,WaterReceived
Alcacer do Sal,C_1,52
Aveiro,C_2,515
Beja,C_3,110
Braga,C_4,1208
Bragança,C_5,110
Castelo Branco,C_6,230
Coimbra,C_7,896
Covilhã,C_8,100
Estremoz,C_9,53
Évora,C_10,220
Faro,C_11,407
Guarda,C_12,177
Lagos,C_13,123
Leiria,C_14,406
Lisboa,C_15,12250
Portalegre,C_16,96
Porto,C_17,5650
Santarém,C_18,200
Setúbal,C_19,780
Viana do Castelo,C_20,100
Vila real,C_21,135
Viseu,C_22,330
City,Code,WaterReceived
Alcacer do Sal,C_1,52
Aveiro,C_2,515
Beja,C_3,110
Braga,C_4,1208
Bragança,C_5,130
Castelo Branco,C_6,230
Coimbra,C_7,896
Covilhã,C_8,100
Estremoz,C_9,53
Évora,C_10,220
Faro,C_11,407
Guarda,C_12,177
Lagos,C_13,123
Leiria,C_14,406
Lisboa,C_15,12250
Portalegre,C_16,96
Porto,C_17,5650
Santarém,C_18,200
Setúbal,C_19,780
Viana do Castelo,C_20,100
Vila real,C_21,110
Viseu,C_22,330
City,Code,WaterReceived
Alcacer do Sal,C_1,52
Aveiro,C_2,515
Beja,C_3,110
Braga,C_4,1208
Bragança,C_5,115
Castelo Branco,C_6,230
Coimbra,C_7,896
Covilhã,C_8,100
Estremoz,C_9,53
Évora,C_10,220
Faro,C_11,407
Guarda,C_12,177
Lagos,C_13,123
Leiria,C_14,406
Lisboa,C_15,12250
Portalegre,C_16,96
Porto,C_17,5650
Santarém,C_18,200
Setúbal,C_19,780
Viana do Castelo,C_20,100
Vila real,C_21,120
Viseu,C_22,330
City,Code,WaterReceived
Alcacer do Sal,C_1,52
Aveiro,C_2,515
Beja,C_3,110
Braga,C_4,1208
Bragança,C_5,125
Castelo Branco,C_6,230
Coimbra,C_7,896
Covilhã,C_8,100
Estremoz,C_9,53
Évora,C_10,220
Faro,C_11,407
Guarda,C_12,177
Lagos,C_13,123
Leiria,C_14,406
Lisboa,C_15,12250
Portalegre,C_16,96
Porto,C_17,5650
Santarém,C_18,200
Setúbal,C_19,780
Viana do Castelo,C_20,100
Vila real,C_21,135
Viseu,C_22,330
City,Code,WaterReceived
Alcacer do Sal,C_1,52
Aveiro,C_2,515
Beja,C_3,110
Braga,C_4,1208
Bragança,C_5,25
Castelo Branco,C_6,230
Coimbra,C_7,896
Covilhã,C_8,100
Estremoz,C_9,53
Évora,C_10,220
Faro,C_11,407
Guarda,C_12,177
Lagos,C_13,123
Leiria,C_14,406
Lisboa,C_15,12250
Portalegre,C_16,96
Porto,C_17,5650
Santarém,C_18,200
Setúbal,C_19,780
Viana do Castelo,C_20,100
Vila real,C_21,135
Viseu,C_22,330
City,Code,WaterReceived
Alcacer do Sal,C_1,52
Aveiro,C_2,515
Beja,C_3,110
Braga,C_4,1208
Bragança,C_5,125
Castelo Branco,C_6,230
Coimbra,C_7,896
Covilhã,C_8,100
Estremoz,C_9,53
Évora,C_10,220
Faro,C_11,407
Guarda,C_12,177
Lagos,C_13,123
Leiria,C_14,406
Lisboa,C_15,12250
Portalegre,C_16,96
Porto,C_17,5650
Santarém,C_18,200
Setúbal,C_19,780
Viana do Castelo,C_20,0
Vila real,C_21,135
Viseu,C_22,330
City,Code,WaterReceived
Alcacer do Sal,C_1,52
Aveiro,C_2,515
Beja,C_3,110
Braga,C_4,800
Bragança,C_5,110
Castelo Branco,C_6,230
Coimbra,C_7,896
Covilhã,C_8,100
Estremoz,C_9,53
Évora,C_10,220
Faro,C_11,407
Guarda,C_12,177
Lagos,C_13,123
Leiria,C_14,406
Lisboa,C_15,12250
Portalegre,C_16,96
Porto,C_17,5650
Santarém,C_18,200
Setúbal,C_19,780
Viana do Castelo,C_20,100
Vila real,C_21,135
Viseu,C_22,330
City,Code,WaterReceived
Alcacer do Sal,C_1,52
Aveiro,C_2,515
Beja,C_3,110
Braga,C_4,1208
Bragança,C_5,125
Castelo Branco,C_6,230
Coimbra,C_7,896
Covilhã,C_8,100
Estremoz,C_9,53
Évora,C_10,220
Faro,C_11,407
Guarda,C_12,177
Lagos,C_13,123
Leiria,C_14,406
Lisboa,C_15,12250
Portalegre,C_16,96
Porto,C_17,1650
Santarém,C_18,200
Setúbal,C_19,780
Viana do Castelo,C_20,100
Vila real,C_21,135
Viseu,C_22,330
City,Code,WaterReceived
Alcacer do Sal,C_1,52
Aveiro,C_2,515
Beja,C_3,110
Braga,C_4,950
Bragança,C_5,125
Castelo Branco,C_6,230
Coimbra,C_7,896
Covilhã,C_8,100
Estremoz,C_9,53
Évora,C_10,220
Faro,C_11,407
Guarda,C_12,177
Lagos,C_13,123
Leiria,C_14,406
Lisboa,C_15,12250
Portalegre,C_16,96
Porto,C_17,5650
Santarém,C_18,200
Setúbal,C_19,780
Viana do Castelo,C_20,100
Vila real,C_21,135
Viseu,C_22,330
City,Code,WaterReceived
Alcacer do Sal,C_1,52
Aveiro,C_2,515
Beja,C_3,110
Braga,C_4,1050
Bragança,C_5,125
Castelo Branco,C_6,230
Coimbra,C_7,896
Covilhã,C_8,100
Estremoz,C_9,53
Évora,C_10,220
Faro,C_11,407
Guarda,C_12,177
Lagos,C_13,123
Leiria,C_14,406
Lisboa,C_15,12250
Portalegre,C_16,96
Porto,C_17,5650
Santarém,C_18,200
Setúbal,C_19,780
Viana do Castelo,C_20,100
Vila real,C_21,135
Viseu,C_22,330
City,Code,WaterReceived
Alcacer do Sal,C_1,52
Aveiro,C_2,515
Beja,C_3,110
Braga,C_4,1208
Bragança,C_5,125
Castelo Branco,C_6,230
Coimbra,C_7,896
Covilhã,C_8,100
Estremoz,C_9,53
Évora,C_10,220
Faro,C_11,407
Guarda,C_12,177
Lagos,C_13,123
Leiria,C_14,406
Lisboa,C_15,12250
Portalegre,C_16,96
Porto,C_17,5150
Santarém,C_18,200
Setúbal,C_19,780
Viana do Castelo,C_20,168
Vila real,C_21,135
Viseu,C_22,330
City,Code,WaterReceived
Alcacer do Sal,C_1,52
Aveiro,C_2,515
Beja,C_3,110
Braga,C_4,1208
Bragança,C_5,125
Castelo Branco,C_6,230
Coimbra,C_7,896
Covilhã,C_8,100
Estremoz,C_9,53
Évora,C_10,220
Faro,C_11,407
Guarda,C_12,177
Lagos,C_13,123
Leiria,C_14,406
Lisboa,C_15,12250
Portalegre,C_16,96
Porto,C_17,5650
Santarém,C_18,200
Setúbal,C_19,780
Viana do Castelo,C_20,100
Vila real,C_21,135
Viseu,C_22,330
City,Code,WaterReceived
Alcacer do Sal,C_1,52
Aveiro,C_2,515
Beja,C_3,110
Braga,C_4,1208
Bragança,C_5,125
Castelo Branco,C_6,230
Coimbra,C_7,896
Covilhã,C_8,100
Estremoz,C_9,53
Évora,C_10,220
Faro,C_11,407
Guarda,C_12,177
Lagos,C_13,123
Leiria,C_14,406
Lisboa,C_15,12250
Portalegre,C_16,96
Porto,C_17,5650
Santarém,C_18,200
Setúbal,C_19,780
Viana do Castelo,C_20,100
Vila real,C_21,135
Viseu,C_22,330
City,Code,WaterReceived
Alcacer do Sal,C_1,52
Aveiro,C_2,515
Beja,C_3,110
Braga,C_4,1208
Bragança,C_5,125
Castelo Branco,C_6,230
Coimbra,C_7,896
Covilhã,C_8,100
Estremoz,C_9,53
Évora,C_10,220
Faro,C_11,407
Guarda,C_12,177
Lagos,C_13,123
Leiria,C_14,406
Lisboa,C_15,12250
Portalegre,C_16,96
Porto,C_17,5650
Santarém,C_18,200
Setúbal,C_19,780
Viana do Castelo,C_20,100
Vila real,C_21,135
Viseu,C_22,230
City,Code,WaterReceived
Alcacer do Sal,C_1,52
Aveiro,C_2,515
Beja,C_3,110
Braga,C_4,1208
Bragança,C_5,125
Castelo Branco,C_6,230
Coimbra,C_7,896
Covilhã,C_8,0
Estremoz,C_9,53
Évora,C_10,220
Faro,C_11,407
Guarda,C_12,100
Lagos,C_13,123
Leiria,C_14,406
Lisboa,C_15,12250
Portalegre,C_16,96
Porto,C_17,5650
Santarém,C_18,200
Setúbal,C_19,780
Viana do Castelo,C_20,100
Vila real,C_21,135
Viseu,C_22,330
City,Code,WaterReceived
Alcacer do Sal,C_1,52
Aveiro,C_2,515
Beja,C_3,110
Braga,C_4,1208
Bragança,C_5,125
Castelo Branco,C_6,230
Coimbra,C_7,896
Covilhã,C_8,100
Estremoz,C_9,53
Évora,C_10,220
Faro,C_11,407
Guarda,C_12,177
Lagos,C_13,123
Leiria,C_14,406
Lisboa,C_15,12250
Portalegre,C_16,96
Porto,C_17,5650
Santarém,C_18,200
Setúbal,C_19,780
Viana do Castelo,C_20,100
Vila real,C_21,80
Viseu,C_22,330
City,Code,WaterReceived
Alcacer do Sal,C_1,52
Aveiro,C_2,515
Beja,C_3,110
Braga,C_4,1208
Bragança,C_5,125
Castelo Branco,C_6,230
Coimbra,C_7,896
Covilhã,C_8,100
Estremoz,C_9,53
Évora,C_10,220
Faro,C_11,407
Guarda,C_12,177
Lagos,C_13,123
Leiria,C_14,406
Lisboa,C_15,12250
Portalegre,C_16,96
Porto,C_17,5575
Santarém,C_18,200
Setúbal,C_19,780
Viana do Castelo,C_20,100
Vila real,C_21,135
Viseu,C_22,330
City,Code,WaterReceived
Alcacer do Sal,C_1,52
Aveiro,C_2,515
Beja,C_3,110
Braga,C_4,1208
Bragança,C_5,125
Castelo Branco,C_6,230
Coimbra,C_7,896
Covilhã,C_8,100
Estremoz,C_9,53
Évora,C_10,220
Faro,C_11,407
Guarda,C_12,177
Lagos,C_13,123
Leiria,C_14,406
Lisboa,C_15,12250
Portalegre,C_16,96
Porto,C_17,5575
Santarém,C_18,200
Setúbal,C_19,780
Viana do Castelo,C_20,100
Vila real,C_21,135
Viseu,C_22,330
City,Code,WaterReceived
Alcacer do Sal,C_1,52
Aveiro,C_2,515
Beja,C_3,110
Braga,C_4,1208
Bragança,C_5,125
Castelo Branco,C_6,230
Coimbra,C_7,896
Covilhã,C_8,100
Estremoz,C_9,53
Évora,C_10,220
Faro,C_11,407
Guarda,C_12,177
Lagos,C_13,123
Leiria,C_14,406
Lisboa,C_15,12250
Portalegre,C_16,96
Porto,C_17,5650
Santarém,C_18,200
Setúbal,C_19,780
Viana do Castelo,C_20,100
Vila real,C_21,135
Viseu,C_22,330
City,Code,WaterReceived
Alcacer do Sal,C_1,52
Aveiro,C_2,515
Beja,C_3,110
Braga,C_4,1208
Bragança,C_5,125
Castelo Branco,C_6,230
Coimbra,C_7,896
Covilhã,C_8,0
Estremoz,C_9,53
Évora,C_10,220
Faro,C_11,407
Guarda,C_12,177
Lagos,C_13,123
Leiria,C_14,406
Lisboa,C_15,12250
Portalegre,C_16,96
Porto,C_17,5650
Santarém,C_18,200
Setúbal,C_19,780
Viana do Castelo,C_20,100
Vila real,C_21,135
Viseu,C_22,330
City,Code,WaterReceived
Alcacer do Sal,C_1,52
Aveiro,C_2,515
Beja,C_3,110
Braga,C_4,1208
Bragança,C_5,125
Castelo Branco,C_6,230
Coimbra,C_7,896
Covilhã,C_8,100
Estremoz,C_9,53
Évora,C_10,220
Faro,C_11,407
Guarda,C_12,177
Lagos,C_13,123
Leiria,C_14,406
Lisboa,C_15,12250
Portalegre,C_16,96
Porto,C_17,5650
Santarém,C_18,200
Setúbal,C_19,780
Viana do Castelo,C_20,100
Vila real,C_21,135
Viseu,C_22,300
City,Code,WaterReceived
Alcacer do Sal,C_1,52
Aveiro,C_2,515
Beja,C_3,110
Braga,C_4,1208
Bragança,C_5,125
Castelo Branco,C_6,230
Coimbra,C_7,896
Covilhã,C_8,100
Estremoz,C_9,53
Évora,C_10,220
Faro,C_11,407
Guarda,C_12,177
Lagos,C_13,123
Leiria,C_14,406
Lisboa,C_15,12250
Portalegre,C_16,96
Porto,C_17,5650
Santarém,C_18,200
Setúbal,C_19,780
Viana do Castelo,C_20,100
Vila real,C_21,135
Viseu,C_22,330
City,Code,WaterReceived
Alcacer do Sal,C_1,52
Aveiro,C_2,515
Beja,C_3,110
Braga,C_4,1208
Bragança,C_5,125
Castelo Branco,C_6,230
Coimbra,C_7,896
Covilhã,C_8,100
Estremoz,C_9,53
Évora,C_10,220
Faro,C_11,407
Guarda,C_12,177
Lagos,C_13,123
Leiria,C_14,204
Lisboa,C_15,12250
Portalegre,C_16,96
Porto,C_17,5650
Santarém,C_18,160
Setúbal,C_19,780
Viana do Castelo,C_20,100
Vila real,C_21,135
Viseu,C_22,330
City,Code,WaterReceived
Alcacer do Sal,C_1,52
Aveiro,C_2,515
Beja,C_3,110
Braga,C_4,1208
Bragança,C_5,125
Castelo Branco,C_6,230
Coimbra,C_7,896
Covilhã,C_8,100
Estremoz,C_9,53
Évora,C_10,220
Faro,C_11,407
Guarda,C_12,177
Lagos,C_13,123
Leiria,C_14,406
Lisboa,C_15,7049
Portalegre,C_16,96
Porto,C_17,5650
Santarém,C_18,200
Setúbal,C_19,780
Viana do Castelo,C_20,100
Vila real,C_21,135
Viseu,C_22,310
City,Code,WaterReceived
Alcacer do Sal,C_1,52
Aveiro,C_2,515
Beja,C_3,110
Braga,C_4,1208
Bragança,C_5,125
Castelo Branco,C_6,230
Coimbra,C_7,896
Covilhã,C_8,100
Estremoz,C_9,53
Évora,C_10,220
Faro,C_11,407
Guarda,C_12,177
Lagos,C_13,123
Leiria,C_14,406
Lisboa,C_15,12250
Portalegre,C_16,96
Porto,C_17,5650
Santarém,C_18,160
Setúbal,C_19,780
Viana do Castelo,C_20,100
Vila real,C_21,135
Viseu,C_22,330
City,Code,WaterReceived
Alcacer do Sal,C_1,52
Aveiro,C_2,515
Beja,C_3,110
Braga,C_4,1208
Bragança,C_5,125
Castelo Branco,C_6,230
Coimbra,C_7,896
Covilhã,C_8,100
Estremoz,C_9,53
Évora,C_10,220
Faro,C_11,407
Guarda,C_12,177
Lagos,C_13,123
Leiria,C_14,406
Lisboa,C_15,12250
Portalegre,C_16,96
Porto,C_17,5650
Santarém,C_18,165
Setúbal,C_19,780
Viana do Castelo,C_20,100
Vila real,C_21,135
Viseu,C_22,330
City,Code,WaterReceived
Alcacer do Sal,C_1,52
Aveiro,C_2,515
Beja,C_3,110
Braga,C_4,1208
Bragança,C_5,125
Castelo Branco,C_6,230
Coimbra,C_7,896
Covilhã,C_8,100
Estremoz,C_9,53
Évora,C_10,220
Faro,C_11,407
Guarda,C_12,177
Lagos,C_13,123
Leiria,C_14,406
Lisboa,C_15,12250
Portalegre,C_16,96
Porto,C_17,5650
Santarém,C_18,200
Setúbal,C_19,780
Viana do Castelo,C_20,100
Vila real,C_21,135
Viseu,C_22,330
City,Code,WaterReceived
Alcacer do Sal,C_1,52
Aveiro,C_2,515
Beja,C_3,110
Braga,C_4,1208
Bragança,C_5,125
Castelo Branco,C_6,230
Coimbra,C_7,896
Covilhã,C_8,100
Estremoz,C_9,53
Évora,C_10,220
Faro,C_11,407
Guarda,C_12,177
Lagos,C_13,123
Leiria,C_14,406
Lisboa,C_15,12250
Portalegre,C_16,70
Porto,C_17,5650
Santarém,C_18,200
Setúbal,C_19,780
Viana do Castelo,C_20,100
Vila real,C_21,135
Viseu,C_22,330
City,Code,WaterReceived
Alcacer do Sal,C_1,52
Aveiro,C_2,515
Beja,C_3,110
Braga,C_4,1208
Bragança,C_5,125
Castelo Branco,C_6,230
Coimbra,C_7,896
Covilhã,C_8,100
Estremoz,C_9,53
Évora,C_10,220
Faro,C_11,407
Guarda,C_12,177
Lagos,C_13,123
Leiria,C_14,406
Lisboa,C_15,12250
Portalegre,C_16,96
Porto,C_17,5650
Santarém,C_18,200
Setúbal,C_19,780
Viana do Castelo,C_20,100
Vila real,C_21,135
Viseu,C_22,330
City,Code,WaterReceived
Alcacer do Sal,C_1,52
Aveiro,C_2,515
Beja,C_3,110
Braga,C_4,1208
Bragança,C_5,125
Castelo Branco,C_6,230
Coimbra,C_7,896
Covilhã,C_8,100
Estremoz,C_9,0
Évora,C_10,220
Faro,C_11,407
Guarda,C_12,177
Lagos,C_13,123
Leiria,C_14,406
Lisboa,C_15,12250
Portalegre,C_16,96
Porto,C_17,5650
Santarém,C_18,200
Setúbal,C_19,780
Viana do Castelo,C_20,100
Vila real,C_21,135
Viseu,C_22,330
City,Code,WaterReceived
Alcacer do Sal,C_1,52
Aveiro,C_2,515
Beja,C_3,110
Braga,C_4,1208
Bragança,C_5,125
Castelo Branco,C_6,230
Coimbra,C_7,896
Covilhã,C_8,100
Estremoz,C_9,53
Évora,C_10,220
Faro,C_11,407
Guarda,C_12,177
Lagos,C_13,123
Leiria,C_14,406
Lisboa,C_15,12250
Portalegre,C_16,96
Porto,C_17,5650
Santarém,C_18,200
Setúbal,C_19,780
Viana do Castelo,C_20,100
Vila real,C_21,135
Viseu,C_22,330
City,Code,WaterReceived
Alcacer do Sal,C_1,52
Aveiro,C_2,515
Beja,C_3,110
Braga,C_4,1208
Bragança,C_5,125
Castelo Branco,C_6,230
Coimbra,C_7,896
Covilhã,C_8,100
Estremoz,C_9,53
Évora,C_10,220
Faro,C_11,407
Guarda,C_12,177
Lagos,C_13,123
Leiria,C_14,406
Lisboa,C_15,12250
Portalegre,C_16,96
Porto,C_17,5650
Santarém,C_18,200
Setúbal,C_19,780
Viana do Castelo,C_20,100
Vila real,C_21,135
Viseu,C_22,330
City,Code,WaterReceived
Alcacer do Sal,C_1,52
Aveiro,C_2,515
Beja,C_3,110
Braga,C_4,1208
Bragança,C_5,125
Castelo Branco,C_6,230
Coimbra,C_7,896
Covilhã,C_8,100
Estremoz,C_9,53
Évora,C_10,220
Faro,C_11,407
Guarda,C_12,177
Lagos,C_13,123
Leiria,C_14,406
Lisboa,C_15,12250
Portalegre,C_16,96
Porto,C_17,5650
Santarém,C_18,200
Setúbal,C_19,780
Viana do Castelo,C_20,100
Vila real,C_21,135
Viseu,C_22,330
City,Code,WaterReceived
Alcacer do Sal,C_1,52
Aveiro,C_2,515
Beja,C_3,110
Braga,C_4,1208
Bragança,C_5,125
Castelo Branco,C_6,230
Coimbra,C_7,896
Covilhã,C_8,100
Estremoz,C_9,53
Évora,C_10,220
Faro,C_11,407
Guarda,C_12,177
Lagos,C_13,123
Leiria,C_14,406
Lisboa,C_15,12250
Portalegre,C_16,96
Porto,C_17,5650
Santarém,C_18,200
Setúbal,C_19,780
Viana do Castelo,C_20,100
Vila real,C_21,135
Viseu,C_22,330
City,Code,WaterReceived
Alcacer do Sal,C_1,52
Aveiro,C_2,515
Beja,C_3,110
Braga,C_4,1208
Bragança,C_5,125
Castelo Branco,C_6,230
Coimbra,C_7,896
Covilhã,C_8,100
Estremoz,C_9,53
Évora,C_10,220
Faro,C_11,407
Guarda,C_12,177
Lagos,C_13,123
Leiria,C_14,406
Lisboa,C_15,12250
Portalegre,C_16,96
Porto,C_17,5650
Santarém,C_18,200
Setúbal,C_19,780
Viana do Castelo,C_20,100
Vila real,C_21,135
Viseu,C_22,330
City,Code,WaterReceived
Alcacer do Sal,C_1,52
Aveiro,C_2,515
Beja,C_3,110
Braga,C_4,1208
Bragança,C_5,125
Castelo Branco,C_6,230
Coimbra,C_7,896
Covilhã,C_8,100
Estremoz,C_9,53
Évora,C_10,216
Faro,C_11,407
Guarda,C_12,177
Lagos,C_13,123
Leiria,C_14,406
Lisboa,C_15,12250
Portalegre,C_16,96
Porto,C_17,5650
Santarém,C_18,200
Setúbal,C_19,780
Viana do Castelo,C_20,100
Vila real,C_21,135
Viseu,C_22,330
City,Code,WaterReceived
Alcacer do Sal,C_1,52
Aveiro,C_2,515
Beja,C_3,110
Braga,C_4,1208
Bragança,C_5,125
Castelo Branco,C_6,230
Coimbra,C_7,896
Covilhã,C_8,100
Estremoz,C_9,53
Évora,C_10,220
Faro,C_11,407
Guarda,C_12,177
Lagos,C_13,123
Leiria,C_14,406
Lisboa,C_15,12250
Portalegre,C_16,96
Porto,C_17,5650
Santarém,C_18,200
Setúbal,C_19,780
Viana do Castelo,C_20,100
Vila real,C_21,135
Viseu,C_22,330
City,Code,WaterReceived
Alcacer do Sal,C_1,52
Aveiro,C_2,515
Beja,C_3,110
Braga,C_4,1208
Bragança,C_5,125
Castelo Branco,C_6,230
Coimbra,C_7,896
Covilhã,C_8,100
Estremoz,C_9,53
Évora,C_10,220
Faro,C_11,407
Guarda,C_12,177
Lagos,C_13,123
Leiria,C_14,406
Lisboa,C_15,12250
Portalegre,C_16,96
Porto,C_17,5650
Santarém,C_18,200
Setúbal,C_19,780
Viana do Castelo,C_20,100
Vila real,C_21,135
Viseu,C_22,330
City,Code,WaterReceived
Alcacer do Sal,C_1,52
Aveiro,C_2,515
Beja,C_3,110
Braga,C_4,1208
Bragança,C_5,125
Castelo Branco,C_6,230
Coimbra,C_7,896
Covilhã,C_8,100
Estremoz,C_9,53
Évora,C_10,200
Faro,C_11,407
Guarda,C_12,177
Lagos,C_13,123
Leiria,C_14,406
Lisboa,C_15,12250
Portalegre,C_16,96
Porto,C_17,5650
Santarém,C_18,200
Setúbal,C_19,780
Viana do Castelo,C_20,100
Vila real,C_21,135
Viseu,C_22,330
City,Code,WaterReceived
Alcacer do Sal,C_1,52
Aveiro,C_2,515
Beja,C_3,90
Braga,C_4,1208
Bragança,C_5,125
Castelo Branco,C_6,230
Coimbra,C_7,896
Covilhã,C_8,100
Estremoz,C_9,53
Évora,C_10,220
Faro,C_11,407
Guarda,C_12,177
Lagos,C_13,123
Leiria,C_14,406
Lisboa,C_15,12250
Portalegre,C_16,96
Porto,C_17,5650
Santarém,C_18,200
Setúbal,C_19,780
Viana do Castelo,C_20,100
Vila real,C_21,135
Viseu,C_22,330
City,Code,WaterReceived
Alcacer do Sal,C_1,52
Aveiro,C_2,515
Beja,C_3,90
Braga,C_4,1208
Bragança,C_5,125
Castelo Branco,C_6,230
Coimbra,C_7,896
Covilhã,C_8,100
Estremoz,C_9,53
Évora,C_10,220
Faro,C_11,407
Guarda,C_12,177
Lagos,C_13,123
Leiria,C_14,406
Lisboa,C_15,12250
Portalegre,C_16,96
Porto,C_17,5650
Santarém,C_18,200
Setúbal,C_19,780
Viana do Castelo,C_20,100
Vila real,C_21,135
Viseu,C_22,330
City,Code,WaterReceived
Alcacer do Sal,C_1,52
Aveiro,C_2,515
Beja,C_3,100
Braga,C_4,1208
Bragança,C_5,125
Castelo Branco,C_6,230
Coimbra,C_7,896
Covilhã,C_8,100
Estremoz,C_9,53
Évora,C_10,220
Faro,C_11,407
Guarda,C_12,177
Lagos,C_13,123
Leiria,C_14,406
Lisboa,C_15,12250
Portalegre,C_16,96
Porto,C_17,5650
Santarém,C_18,200
Setúbal,C_19,780
Viana do Castelo,C_20,100
Vila real,C_21,135
Viseu,C_22,330
City,Code,WaterReceived
Alcacer do Sal,C_1,52
Aveiro,C_2,515
Beja,C_3,110
Braga,C_4,1208
Bragança,C_5,125
Castelo Branco,C_6,230
Coimbra,C_7,896
Covilhã,C_8,100
Estremoz,C_9,53
Évora,C_10,220
Faro,C_11,407
Guarda,C_12,177
Lagos,C_13,73
Leiria,C_14,406
Lisboa,C_15,12250
Portalegre,C_16,96
Porto,C_17,5650
Santarém,C_18,200
Setúbal,C_19,780
Viana do Castelo,C_20,100
Vila real,C_21,135
Viseu,C_22,330
City,Code,WaterReceived
Alcacer do Sal,C_1,52
Aveiro,C_2,515
Beja,C_3,110
Braga,C_4,1208
Bragança,C_5,125
Castelo Branco,C_6,230
Coimbra,C_7,896
Covilhã,C_8,100
Estremoz,C_9,53
Évora,C_10,220
Faro,C_11,407
Guarda,C_12,177
Lagos,C_13,3
Leiria,C_14,406
Lisboa,C_15,12250
Portalegre,C_16,96
Porto,C_17,5650
Santarém,C_18,200
Setúbal,C_19,780
Viana do Castelo,C_20,100
Vila real,C_21,135
Viseu,C_22,330
City,Code,WaterReceived
Alcacer do Sal,C_1,52
Aveiro,C_2,515
Beja,C_3,110
Braga,C_4,1208
Bragança,C_5,125
Castelo Branco,C_6,230
Coimbra,C_7,896
Covilhã,C_8,100
Estremoz,C_9,53
Évora,C_10,220
Faro,C_11,200
Guarda,C_12,177
Lagos,C_13,120
Leiria,C_14,406
Lisboa,C_15,12250
Portalegre,C_16,96
Porto,C_17,5650
Santarém,C_18,200
Setúbal,C_19,780
Viana do Castelo,C_20,100
Vila real,C_21,135
Viseu,C_22,330
City,Code,WaterReceived
Alcacer do Sal,C_1,41
Aveiro,C_2,515
Beja,C_3,110
Braga,C_4,1208
Bragança,C_5,125
Castelo Branco,C_6,230
Coimbra,C_7,896
Covilhã,C_8,100
Estremoz,C_9,53
Évora,C_10,220
Faro,C_11,407
Guarda,C_12,177
Lagos,C_13,123
Leiria,C_14,406
Lisboa,C_15,12250
Portalegre,C_16,96
Porto,C_17,5650
Santarém,C_18,200
Setúbal,C_19,780
Viana do Castelo,C_20,100
Vila real,C_21,135
Viseu,C_22,330
City,Code,WaterReceived
Alcacer do Sal,C_1,52
Aveiro,C_2,515
Beja,C_3,110
Braga,C_4,1208
Bragança,C_5,125
Castelo Branco,C_6,230
Coimbra,C_7,896
Covilhã,C_8,100
Estremoz,C_9,53
Évora,C_10,220
Faro,C_11,407
Guarda,C_12,177
Lagos,C_13,11
Leiria,C_14,406
Lisboa,C_15,12250
Portalegre,C_16,96
Porto,C_17,5650
Santarém,C_18,200
Setúbal,C_19,780
Viana do Castelo,C_20,100
Vila real,C_21,135
Viseu,C_22,330
City,Code,WaterReceived
Alcacer do Sal,C_1,52
Aveiro,C_2,515
Beja,C_3,80
Braga,C_4,1208
Bragança,C_5,125
Castelo Branco,C_6,230
Coimbra,C_7,896
Covilhã,C_8,100
Estremoz,C_9,53
Évora,C_10,220
Faro,C_11,407
Guarda,C_12,177
Lagos,C_13,123
Leiria,C_14,406
Lisboa,C_15,12250
Portalegre,C_16,96
Porto,C_17,5650
Santarém,C_18,200
Setúbal,C_19,780
Viana do Castelo,C_20,100
Vila real,C_21,135
Viseu,C_22,330
City,Code,WaterReceived
Alcacer do Sal,C_1,52
Aveiro,C_2,515
Beja,C_3,85
Braga,C_4,1208
Bragança,C_5,125
Castelo Branco,C_6,230
Coimbra,C_7,896
Covilhã,C_8,100
Estremoz,C_9,53
Évora,C_10,220
Faro,C_11,407
Guarda,C_12,177
Lagos,C_13,123
Leiria,C_14,406
Lisboa,C_15,12250
Portalegre,C_16,96
Porto,C_17,5650
Santarém,C_18,200
Setúbal,C_19,780
Viana do Castelo,C_20,100
Vila real,C_21,135
Viseu,C_22,330
City,Code,WaterReceived
Alcacer do Sal,C_1,52
Aveiro,C_2,515
Beja,C_3,110
Braga,C_4,1208
Bragança,C_5,125
Castelo Branco,C_6,230
Coimbra,C_7,896
Covilhã,C_8,100
Estremoz,C_9,53
Évora,C_10,220
Faro,C_11,407
Guarda,C_12,177
Lagos,C_13,123
Leiria,C_14,406
Lisboa,C_15,12250
Portalegre,C_16,96
Porto,C_17,5650
Santarém,C_18,200
Setúbal,C_19,780
Viana do Castelo,C_20,100
Vila real,C_21,135
Viseu,C_22,330
City,Code,WaterReceived
Alcacer do Sal,C_1,52
Aveiro,C_2,515
Beja,C_3,110
Braga,C_4,1208
Bragança,C_5,125
Castelo Branco,C_6,230
Coimbra,C_7,896
Covilhã,C_8,100
Estremoz,C_9,53
Évora,C_10,220
Faro,C_11,407
Guarda,C_12,177
Lagos,C_13,123
Leiria,C_14,406
Lisboa,C_15,12250
Portalegre,C_16,96
Porto,C_17,5650
Santarém,C_18,200
Setúbal,C_19,780
Viana do Castelo,C_20,0
Vila real,C_21,135
Viseu,C_22,330
City,Code,WaterReceived
Alcacer do Sal,C_1,52
Aveiro,C_2,515
Beja,C_3,110
Braga,C_4,1208
Bragança,C_5,125
Castelo Branco,C_6,230
Coimbra,C_7,896
Covilhã,C_8,100
Estremoz,C_9,53
Évora,C_10,220
Faro,C_11,407
Guarda,C_12,177
Lagos,C_13,123
Leiria,C_14,406
Lisboa,C_15,12250
Portalegre,C_16,96
Porto,C_17,5650
Santarém,C_18,200
Setúbal,C_19,780
Viana do Castelo,C_20,100
Vila real,C_21,135
Viseu,C_22,330
City,Code,WaterReceived
Alcacer do Sal,C_1,52
Aveiro,C_2,515
Beja,C_3,110
Braga,C_4,1050
Bragança,C_5,125
Castelo Branco,C_6,230
Coimbra,C_7,896
Covilhã,C_8,100
Estremoz,C_9,53
Évora,C_10,220
Faro,C_11,407
Guarda,C_12,177
Lagos,C_13,123
Leiria,C_14,406
Lisboa,C_15,12250
Portalegre,C_16,96
Porto,C_17,5650
Santarém,C_18,200
Setúbal,C_19,780
Viana do Castelo,C_20,100
Vila real,C_21,135
Viseu,C_22,330
City,Code,WaterReceived
Alcacer do Sal,C_1,52
Aveiro,C_2,515
Beja,C_3,110
Braga,C_4,1100
Bragança,C_5,110
Castelo Branco,C_6,230
Coimbra,C_7,896
Covilhã,C_8,100
Estremoz,C_9,53
Évora,C_10,220
Faro,C_11,407
Guarda,C_12,177
Lagos,C_13,123
Leiria,C_14,406
Lisboa,C_15,12250
Portalegre,C_16,96
Porto,C_17,5650
Santarém,C_18,200
Setúbal,C_19,780
Viana do Castelo,C_20,100
Vila real,C_21,135
Viseu,C_22,330
City,Code,WaterReceived
Alcacer do Sal,C_1,52
Aveiro,C_2,515
Beja,C_3,110
Braga,C_4,1000
Bragança,C_5,125
Castelo Branco,C_6,230
Coimbra,C_7,896
Covilhã,C_8,100
Estremoz,C_9,53
Évora,C_10,220
Faro,C_11,407
Guarda,C_12,177
Lagos,C_13,123
Leiria,C_14,406
Lisboa,C_15,12250
Portalegre,C_16,96
Porto,C_17,5650
Santarém,C_18,200
Setúbal,C_19,780
Viana do Castelo,C_20,100
Vila real,C_21,135
Viseu,C_22,330
City,Code,WaterReceived
Alcacer do Sal,C_1,52
Aveiro,C_2,515
Beja,C_3,110
Braga,C_4,1208
Bragança,C_5,125
Castelo Branco,C_6,230
Coimbra,C_7,896
Covilhã,C_8,100
Estremoz,C_9,53
Évora,C_10,220
Faro,C_11,407
Guarda,C_12,177
Lagos,C_13,123
Leiria,C_14,406
Lisboa,C_15,12250
Portalegre,C_16,96
Porto,C_17,5650
Santarém,C_18,200
Setúbal,C_19,780
Viana do Castelo,C_20,100
Vila real,C_21,135
Viseu,C_22,330
City,Code,WaterReceived
Alcacer do Sal,C_1,52
Aveiro,C_2,515
Beja,C_3,110
Braga,C_4,950
Bragança,C_5,125
Castelo Branco,C_6,230
Coimbra,C_7,896
Covilhã,C_8,100
Estremoz,C_9,53
Évora,C_10,220
Faro,C_11,407
Guarda,C_12,177
Lagos,C_13,123
Leiria,C_14,406
Lisboa,C_15,12250
Portalegre,C_16,96
Porto,C_17,5650
Santarém,C_18,200
Setúbal,C_19,780
Viana do Castelo,C_20,100
Vila real,C_21,135
Viseu,C_22,330
City,Code,WaterReceived
Alcacer do Sal,C_1,52
Aveiro,C_2,515
Beja,C_3,110
Braga,C_4,1050
Bragança,C_5,125
Castelo Branco,C_6,230
Coimbra,C_7,896
Covilhã,C_8,100
Estremoz,C_9,53
Évora,C_10,220
Faro,C_11,407
Guarda,C_12,177
Lagos,C_13,123
Leiria,C_14,406
Lisboa,C_15,12250
Portalegre,C_16,96
Porto,C_17,5650
Santarém,C_18,200
Setúbal,C_19,780
Viana do Castelo,C_20,100
Vila real,C_21,135
Viseu,C_22,330
City,Code,WaterReceived
Alcacer do Sal,C_1,52
Aveiro,C_2,515
Beja,C_3,110
Braga,C_4,1208
Bragança,C_5,125
Castelo Branco,C_6,230
Coimbra,C_7,896
Covilhã,C_8,100
Estremoz,C_9,53
Évora,C_10,220
Faro,C_11,407
Guarda,C_12,177
Lagos,C_13,123
Leiria,C_14,406
Lisboa,C_15,12250
Portalegre,C_16,96
Porto,C_17,5650
Santarém,C_18,200
Setúbal,C_19,780
Viana do Castelo,C_20,100
Vila real,C_21,135
Viseu,C_22,330
City,Code,WaterReceived
Alcacer do Sal,C_1,52
Aveiro,C_2,515
Beja,C_3,110
Braga,C_4,1208
Bragança,C_5,125
Castelo Branco,C_6,230
Coimbra,C_7,896
Covilhã,C_8,100
Estremoz,C_9,53
Évora,C_10,220
Faro,C_11,407
Guarda,C_12,177
Lagos,C_13,123
Leiria,C_14,406
Lisboa,C_15,12250
Portalegre,C_16,96
Porto,C_17,5650
Santarém,C_18,200
Setúbal,C_19,780
Viana do Castelo,C_20,100
Vila real,C_21,135
Viseu,C_22,330
City,Code,WaterReceived
Alcacer do Sal,C_1,52
Aveiro,C_2,515
Beja,C_3,110
Braga,C_4,1208
Bragança,C_5,25
Castelo Branco,C_6,230
Coimbra,C_7,896
Covilhã,C_8,100
Estremoz,C_9,53
Évora,C_10,220
Faro,C_11,407
Guarda,C_12,177
Lagos,C_13,123
Leiria,C_14,406
Lisboa,C_15,12250
Portalegre,C_16,96
Porto,C_17,5650
Santarém,C_18,200
Setúbal,C_19,780
Viana do Castelo,C_20,100
Vila real,C_21,135
Viseu,C_22,330
City,Code,WaterReceived
Alcacer do Sal,C_1,52
Aveiro,C_2,515
Beja,C_3,110
Braga,C_4,1208
Bragança,C_5,45
Castelo Branco,C_6,230
Coimbra,C_7,896
Covilhã,C_8,100
Estremoz,C_9,53
Évora,C_10,220
Faro,C_11,407
Guarda,C_12,177
Lagos,C_13,123
Leiria,C_14,406
Lisboa,C_15,12250
Portalegre,C_16,96
Porto,C_17,5650
Santarém,C_18,200
Setúbal,C_19,780
Viana do Castelo,C_20,100
Vila real,C_21,135
Viseu,C_22,330
City,Code,WaterReceived
Alcacer do Sal,C_1,52
Aveiro,C_2,515
Beja,C_3,110
Braga,C_4,1208
Bragança,C_5,105
Castelo Branco,C_6,230
Coimbra,C_7,896
Covilhã,C_8,100
Estremoz,C_9,53
Évora,C_10,220
Faro,C_11,407
Guarda,C_12,177
Lagos,C_13,123
Leiria,C_14,406
Lisboa,C_15,12250
Portalegre,C_16,96
Porto,C_17,5650
Santarém,C_18,200
Setúbal,C_19,780
Viana do Castelo,C_20,100
Vila real,C_21,135
Viseu,C_22,330
City,Code,WaterReceived
Alcacer do Sal,C_1,52
Aveiro,C_2,515
Beja,C_3,110
Braga,C_4,1208
Bragança,C_5,80
Castelo Branco,C_6,230
Coimbra,C_7,896
Covilhã,C_8,100
Estremoz,C_9,53
Évora,C_10,220
Faro,C_11,407
Guarda,C_12,177
Lagos,C_13,123
Leiria,C_14,406
Lisboa,C_15,12250
Portalegre,C_16,96
Porto,C_17,5650
Santarém,C_18,200
Setúbal,C_19,780
Viana do Castelo,C_20,100
Vila real,C_21,135
Viseu,C_22,330
City,Code,WaterReceived
Alcacer do Sal,C_1,52
Aveiro,C_2,515
Beja,C_3,110
Braga,C_4,1208
Bragança,C_5,125
Castelo Branco,C_6,230
Coimbra,C_7,896
Covilhã,C_8,100
Estremoz,C_9,53
Évora,C_10,220
Faro,C_11,407
Guarda,C_12,177
Lagos,C_13,123
Leiria,C_14,406
Lisboa,C_15,12250
Portalegre,C_16,96
Porto,C_17,5650
Santarém,C_18,200
Setúbal,C_19,780
Viana do Castelo,C_20,100
Vila real,C_21,135
Viseu,C_22,330
City,Code,WaterReceived
Alcacer do Sal,C_1,52
Aveiro,C_2,515
Beja,C_3,110
Braga,C_4,1208
Bragança,C_5,100
Castelo Branco,C_6,230
Coimbra,C_7,896
Covilhã,C_8,100
Estremoz,C_9,53
Évora,C_10,220
Faro,C_11,407
Guarda,C_12,177
Lagos,C_13,123
Leiria,C_14,406
Lisboa,C_15,12250
Portalegre,C_16,96
Porto,C_17,5650
Santarém,C_18,200
Setúbal,C_19,780
Viana do Castelo,C_20,100
Vila real,C_21,135
Viseu,C_22,330
City,Code,WaterReceived
Alcacer do Sal,C_1,52
Aveiro,C_2,515
Beja,C_3,110
Braga,C_4,1208
Bragança,C_5,125
Castelo Branco,C_6,230
Coimbra,C_7,896
Covilhã,C_8,100
Estremoz,C_9,53
Évora,C_10,220
Faro,C_11,407
Guarda,C_12,177
Lagos,C_13,123
Leiria,C_14,406
Lisboa,C_15,12250
Portalegre,C_16,96
Porto,C_17,5650
Santarém,C_18,200
Setúbal,C_19,780
Viana do Castelo,C_20,100
Vila real,C_21,120
Viseu,C_22,330
City,Code,WaterReceived
Alcacer do Sal,C_1,52
Aveiro,C_2,515
Beja,C_3,110
Braga,C_4,1208
Bragança,C_5,115
Castelo Branco,C_6,230
Coimbra,C_7,896
Covilhã,C_8,100
Estremoz,C_9,53
Évora,C_10,220
Faro,C_11,407
Guarda,C_12,177
Lagos,C_13,123
Leiria,C_14,406
Lisboa,C_15,12250
Portalegre,C_16,96
Porto,C_17,5650
Santarém,C_18,200
Setúbal,C_19,780
Viana do Castelo,C_20,100
Vila real,C_21,135
Viseu,C_22,330
City,Code,WaterReceived
Alcacer do Sal,C_1,52
Aveiro,C_2,515
Beja,C_3,110
Braga,C_4,1208
Bragança,C_5,125
Castelo Branco,C_6,230
Coimbra,C_7,896
Covilhã,C_8,100
Estremoz,C_9,53
Évora,C_10,220
Faro,C_11,407
Guarda,C_12,177
Lagos,C_13,123
Leiria,C_14,406
Lisboa,C_15,12250
Portalegre,C_16,96
Porto,C_17,5650
Santarém,C_18,200
Setúbal,C_19,780
Viana do Castelo,C_20,100
Vila real,C_21,80
Viseu,C_22,330
City,Code,WaterReceived
Alcacer do Sal,C_1,52
Aveiro,C_2,515
Beja,C_3,110
Braga,C_4,1208
Bragança,C_5,125
Castelo Branco,C_6,230
Coimbra,C_7,896
Covilhã,C_8,100
Estremoz,C_9,53
Évora,C_10,220
Faro,C_11,407
Guarda,C_12,177
Lagos,C_13,123
Leiria,C_14,406
Lisboa,C_15,12250
Portalegre,C_16,96
Porto,C_17,5650
Santarém,C_18,200
Setúbal,C_19,780
Viana do Castelo,C_20,100
Vila real,C_21,135
Viseu,C_22,330
City,Code,WaterReceived
Alcacer do Sal,C_1,52
Aveiro,C_2,515
Beja,C_3,110
Braga,C_4,1208
Bragança,C_5,100
Castelo Branco,C_6,230
Coimbra,C_7,896
Covilhã,C_8,100
Estremoz,C_9,53
Évora,C_10,220
Faro,C_11,407
Guarda,C_12,177
Lagos,C_13,123
Leiria,C_14,406
Lisboa,C_15,12250
Portalegre,C_16,96
Porto,C_17,5650
Santarém,C_18,200
Setúbal,C_19,780
Viana do Castelo,C_20,100
Vila real,C_21,135
Viseu,C_22,330
City,Code,WaterReceived
Alcacer do Sal,C_1,52
Aveiro,C_2,515
Beja,C_3,110
Braga,C_4,1208
Bragança,C_5,125
Castelo Branco,C_6,230
Coimbra,C_7,896
Covilhã,C_8,100
Estremoz,C_9,53
Évora,C_10,220
Faro,C_11,407
Guarda,C_12,177
Lagos,C_13,123
Leiria,C_14,406
Lisboa,C_15,12250
Portalegre,C_16,96
Porto,C_17,5650
Santarém,C_18,200
Setúbal,C_19,780
Viana do Castelo,C_20,100
Vila real,C_21,135
Viseu,C_22,330
City,Code,WaterReceived
Alcacer do Sal,C_1,52
Aveiro,C_2,515
Beja,C_3,110
Braga,C_4,1208
Bragança,C_5,130
Castelo Branco,C_6,230
Coimbra,C_7,896
Covilhã,C_8,100
Estremoz,C_9,53
Évora,C_10,220
Faro,C_11,407
Guarda,C_12,177
Lagos,C_13,123
Leiria,C_14,406
Lisboa,C_15,12250
Portalegre,C_16,96
Porto,C_17,5650
Santarém,C_18,200
Setúbal,C_19,780
Viana do Castelo,C_20,100
Vila real,C_21,110
Viseu,C_22,330
City,Code,WaterReceived
Alcacer do Sal,C_1,52
Aveiro,C_2,515
Beja,C_3,110
Braga,C_4,1208
Bragança,C_5,125
Castelo Branco,C_6,230
Coimbra,C_7,896
Covilhã,C_8,100
Estremoz,C_9,53
Évora,C_10,220
Faro,C_11,407
Guarda,C_12,177
Lagos,C_13,123
Leiria,C_14,406
Lisboa,C_15,12250
Portalegre,C_16,96
Porto,C_17,5650
Santarém,C_18,200
Setúbal,C_19,780
Viana do Castelo,C_20,100
Vila real,C_21,80
Viseu,C_22,330
City,Code,WaterReceived
Alcacer do Sal,C_1,52
Aveiro,C_2,515
Beja,C_3,110
Braga,C_4,1208
Bragança,C_5,125
Castelo Branco,C_6,230
Coimbra,C_7,896
Covilhã,C_8,100
Estremoz,C_9,53
Évora,C_10,220
Faro,C_11,407
Guarda,C_12,177
Lagos,C_13,123
Leiria,C_14,406
Lisboa,C_15,12250
Portalegre,C_16,96
Porto,C_17,3000
Santarém,C_18,200
Setúbal,C_19,780
Viana do Castelo,C_20,168
Vila real,C_21,135
Viseu,C_22,330
City,Code,WaterReceived
Alcacer do Sal,C_1,52
Aveiro,C_2,515
Beja,C_3,110
Braga,C_4,1208
Bragança,C_5,125
Castelo Branco,C_6,230
Coimbra,C_7,896
Covilhã,C_8,100
Estremoz,C_9,53
Évora,C_10,220
Faro,C_11,407
Guarda,C_12,177
Lagos,C_13,123
Leiria,C_14,406
Lisboa,C_15,12250
Portalegre,C_16,96
Porto,C_17,5650
Santarém,C_18,200
Setúbal,C_19,780
Viana do Castelo,C_20,100
Vila real,C_21,135
Viseu,C_22,330
City,Code,WaterReceived
Alcacer do Sal,C_1,52
Aveiro,C_2,515
Beja,C_3,110
Braga,C_4,1208
Bragança,C_5,125
Castelo Branco,C_6,230
Coimbra,C_7,896
Covilhã,C_8,100
Estremoz,C_9,53
Évora,C_10,220
Faro,C_11,407
Guarda,C_12,177
Lagos,C_13,123
Leiria,C_14,406
Lisboa,C_15,12250
Portalegre,C_16,96
Porto,C_17,5650
Santarém,C_18,200
Setúbal,C_19,780
Viana do Castelo,C_20,100
Vila real,C_21,135
Viseu,C_22,330
City,Code,WaterReceived
Alcacer do Sal,C_1,52
Aveiro,C_2,515
Beja,C_3,110
Braga,C_4,1208
Bragança,C_5,125
Castelo Branco,C_6,230
Coimbra,C_7,896
Covilhã,C_8,100
Estremoz,C_9,53
Évora,C_10,220
Faro,C_11,407
Guarda,C_12,177
Lagos,C_13,123
Leiria,C_14,406
Lisboa,C_15,12250
Portalegre,C_16,96
Porto,C_17,3150
Santarém,C_18,200
Setúbal,C_19,780
Viana do Castelo,C_20,168
Vila real,C_21,135
Viseu,C_22,330
City,Code,WaterReceived
Alcacer do Sal,C_1,52
Aveiro,C_2,515
Beja,C_3,110
Braga,C_4,1208
Bragança,C_5,125
Castelo Branco,C_6,230
Coimbra,C_7,896
Covilhã,C_8,100
Estremoz,C_9,53
Évora,C_10,220
Faro,C_11,407
Guarda,C_12,177
Lagos,C_13,123
Leiria,C_14,406
Lisboa,C_15,12250
Portalegre,C_16,96
Porto,C_17,4650
Santarém,C_18,200
Setúbal,C_19,780
Viana do Castelo,C_20,100
Vila real,C_21,135
Viseu,C_22,330
City,Code,WaterReceived
Alcacer do Sal,C_1,52
Aveiro,C_2,515
Beja,C_3,110
Braga,C_4,1208
Bragança,C_5,125
Castelo Branco,C_6,230
Coimbra,C_7,896
Covilhã,C_8,100
Estremoz,C_9,53
Évora,C_10,220
Faro,C_11,407
Guarda,C_12,177
Lagos,C_13,123
Leiria,C_14,406
Lisboa,C_15,12250
Portalegre,C_16,96
Porto,C_17,4150
Santarém,C_18,200
Setúbal,C_19,780
Viana do Castelo,C_20,168
Vila real,C_21,135
Viseu,C_22,330
City,Code,WaterReceived
Alcacer do Sal,C_1,52
Aveiro,C_2,515
Beja,C_3,110
Braga,C_4,1208
Bragança,C_5,125
Castelo Branco,C_6,230
Coimbra,C_7,896
Covilhã,C_8,100
Estremoz,C_9,53
Évora,C_10,220
Faro,C_11,407
Guarda,C_12,177
Lagos,C_13,123
Leiria,C_14,406
Lisboa,C_15,12250
Portalegre,C_16,96
Porto,C_17,5650
Santarém,C_18,200
Setúbal,C_19,780
Viana do Castelo,C_20,100
Vila real,C_21,135
Viseu,C_22,330
City,Code,WaterReceived
Alcacer do Sal,C_1,52
Aveiro,C_2,515
Beja,C_3,110
Braga,C_4,1208
Bragança,C_5,125
Castelo Branco,C_6,230
Coimbra,C_7,896
Covilhã,C_8,100
Estremoz,C_9,53
Évora,C_10,220
Faro,C_11,407
Guarda,C_12,177
Lagos,C_13,123
Leiria,C_14,406
Lisboa,C_15,12250
Portalegre,C_16,96
Porto,C_17,5575
Santarém,C_18,200
Setúbal,C_19,780
Viana do Castelo,C_20,100
Vila real,C_21,135
Viseu,C_22,330
City,Code,WaterReceived
Alcacer do Sal,C_1,52
Aveiro,C_2,515
Beja,C_3,110
Braga,C_4,1208
Bragança,C_5,125
Castelo Branco,C_6,230
Coimbra,C_7,896
Covilhã,C_8,100
Estremoz,C_9,53
Évora,C_10,220
Faro,C_11,407
Guarda,C_12,177
Lagos,C_13,123
Leiria,C_14,406
Lisboa,C_15,12250
Portalegre,C_16,96
Porto,C_17,5575
Santarém,C_18,200
Setúbal,C_19,780
Viana do Castelo,C_20,100
Vila real,C_21,135
Viseu,C_22,330
City,Code,WaterReceived
Alcacer do Sal,C_1,52
Aveiro,C_2,515
Beja,C_3,110
Braga,C_4,1208
Bragança,C_5,125
Castelo Branco,C_6,230
Coimbra,C_7,896
Covilhã,C_8,100
Estremoz,C_9,53
Évora,C_10,220
Faro,C_11,407
Guarda,C_12,177
Lagos,C_13,123
Leiria,C_14,406
Lisboa,C_15,12250
Portalegre,C_16,96
Porto,C_17,5575
Santarém,C_18,200
Setúbal,C_19,780
Viana do Castelo,C_20,100
Vila real,C_21,135
Viseu,C_22,330
City,Code,WaterReceived
Alcacer do Sal,C_1,52
Aveiro,C_2,300
Beja,C_3,110
Braga,C_4,1208
Bragança,C_5,125
Castelo Branco,C_6,230
Coimbra,C_7,896
Covilhã,C_8,100
Estremoz,C_9,53
Évora,C_10,220
Faro,C_11,407
Guarda,C_12,177
Lagos,C_13,123
Leiria,C_14,406
Lisboa,C_15,12250
Portalegre,C_16,96
Porto,C_17,5650
Santarém,C_18,200
Setúbal,C_19,780
Viana do Castelo,C_20,100
Vila real,C_21,135
Viseu,C_22,330
City,Code,WaterReceived
Alcacer do Sal,C_1,52
Aveiro,C_2,515
Beja,C_3,110
Braga,C_4,1208
Bragança,C_5,125
Castelo Branco,C_6,230
Coimbra,C_7,896
Covilhã,C_8,100
Estremoz,C_9,53
Évora,C_10,220
Faro,C_11,407
Guarda,C_12,177
Lagos,C_13,123
Leiria,C_14,406
Lisboa,C_15,12250
Portalegre,C_16,96
Porto,C_17,5650
Santarém,C_18,200
Setúbal,C_19,780
Viana do Castelo,C_20,100
Vila real,C_21,135
Viseu,C_22,330
City,Code,WaterReceived
Alcacer do Sal,C_1,52
Aveiro,C_2,515
Beja,C_3,110
Braga,C_4,1208
Bragança,C_5,125
Castelo Branco,C_6,230
Coimbra,C_7,896
Covilhã,C_8,100
Estremoz,C_9,53
Évora,C_10,220
Faro,C_11,407
Guarda,C_12,177
Lagos,C_13,123
Leiria,C_14,406
Lisboa,C_15,12250
Portalegre,C_16,96
Porto,C_17,5650
Santarém,C_18,200
Setúbal,C_19,780
Viana do Castelo,C_20,100
Vila real,C_21,135
Viseu,C_22,330
City,Code,WaterReceived
Alcacer do Sal,C_1,52
Aveiro,C_2,515
Beja,C_3,110
Braga,C_4,1208
Bragança,C_5,125
Castelo Branco,C_6,230
Coimbra,C_7,896
Covilhã,C_8,100
Estremoz,C_9,53
Évora,C_10,220
Faro,C_11,407
Guarda,C_12,177
Lagos,C_13,123
Leiria,C_14,406
Lisboa,C_15,12250
Portalegre,C_16,96
Porto,C_17,5650
Santarém,C_18,200
Setúbal,C_19,780
Viana do Castelo,C_20,100
Vila real,C_21,135
Viseu,C_22,230
City,Code,WaterReceived
Alcacer do Sal,C_1,52
Aveiro,C_2,515
Beja,C_3,110
Braga,C_4,1208
Bragança,C_5,125
Castelo Branco,C_6,230
Coimbra,C_7,896
Covilhã,C_8,100
Estremoz,C_9,53
Évora,C_10,220
Faro,C_11,407
Guarda,C_12,177
Lagos,C_13,123
Leiria,C_14,406
Lisboa,C_15,12250
Portalegre,C_16,96
Porto,C_17,5650
Santarém,C_18,200
Setúbal,C_19,780
Viana do Castelo,C_20,100
Vila real,C_21,135
Viseu,C_22,305
City,Code,WaterReceived
Alcacer do Sal,C_1,52
Aveiro,C_2,515
Beja,C_3,110
Braga,C_4,1208
Bragança,C_5,125
Castelo Branco,C_6,230
Coimbra,C_7,896
Covilhã,C_8,100
Estremoz,C_9,53
Évora,C_10,220
Faro,C_11,407
Guarda,C_12,177
Lagos,C_13,123
Leiria,C_14,406
Lisboa,C_15,12250
Portalegre,C_16,96
Porto,C_17,5650
Santarém,C_18,200
Setúbal,C_19,780
Viana do Castelo,C_20,100
Vila real,C_21,135
Viseu,C_22,230
City,Code,WaterReceived
Alcacer do Sal,C_1,52
Aveiro,C_2,515
Beja,C_3,110
Braga,C_4,1208
Bragança,C_5,125
Castelo Branco,C_6,230
Coimbra,C_7,896
Covilhã,C_8,100
Estremoz,C_9,53
Évora,C_10,220
Faro,C_11,407
Guarda,C_12,177
Lagos,C_13,123
Leiria,C_14,406
Lisboa,C_15,12250
Portalegre,C_16,96
Porto,C_17,5650
Santarém,C_18,200
Setúbal,C_19,780
Viana do Castelo,C_20,100
Vila real,C_21,135
Viseu,C_22,330
City,Code,WaterReceived
Alcacer do Sal,C_1,52
Aveiro,C_2,515
Beja,C_3,110
Braga,C_4,1208
Bragança,C_5,125
Castelo Branco,C_6,230
Coimbra,C_7,896
Covilhã,C_8,100
Estremoz,C_9,53
Évora,C_10,220
Faro,C_11,407
Guarda,C_12,177
Lagos,C_13,123
Leiria,C_14,406
Lisboa,C_15,12250
Portalegre,C_16,96
Porto,C_17,5650
Santarém,C_18,200
Setúbal,C_19,780
Viana do Castelo,C_20,100
Vila real,C_21,135
Viseu,C_22,330
City,Code,WaterReceived
Alcacer do Sal,C_1,52
Aveiro,C_2,515
Beja,C_3,110
Braga,C_4,1208
Bragança,C_5,125
Castelo Branco,C_6,230
Coimbra,C_7,896
Covilhã,C_8,100
Estremoz,C_9,53
Évora,C_10,220
Faro,C_11,407
Guarda,C_12,177
Lagos,C_13,123
Leiria,C_14,406
Lisboa,C_15,12250
Portalegre,C_16,96
Porto,C_17,5650
Santarém,C_18,200
Setúbal,C_19,780
Viana do Castelo,C_20,100
Vila real,C_21,135
Viseu,C_22,330
City,Code,WaterReceived
Alcacer do Sal,C_1,52
Aveiro,C_2,515
Beja,C_3,110
Braga,C_4,1208
Bragança,C_5,125
Castelo Branco,C_6,230
Coimbra,C_7,896
Covilhã,C_8,100
Estremoz,C_9,53
Évora,C_10,220
Faro,C_11,407
Guarda,C_12,177
Lagos,C_13,123
Leiria,C_14,406
Lisboa,C_15,12250
Portalegre,C_16,96
Porto,C_17,5650
Santarém,C_18,200
Setúbal,C_19,780
Viana do Castelo,C_20,100
Vila real,C_21,135
Viseu,C_22,330
City,Code,WaterReceived
Alcacer do Sal,C_1,52
Aveiro,C_2,260
Beja,C_3,110
Braga,C_4,1208
Bragança,C_5,125
Castelo Branco,C_6,230
Coimbra,C_7,896
Covilhã,C_8,100
Estremoz,C_9,53
Évora,C_10,220
Faro,C_11,407
Guarda,C_12,177
Lagos,C_13,123
Leiria,C_14,406
Lisboa,C_15,12250
Portalegre,C_16,96
Porto,C_17,5650
Santarém,C_18,200
Setúbal,C_19,780
Viana do Castelo,C_20,100
Vila real,C_21,135
Viseu,C_22,330
City,Code,WaterReceived
Alcacer do Sal,C_1,52
Aveiro,C_2,515
Beja,C_3,110
Braga,C_4,1208
Bragança,C_5,125
Castelo Branco,C_6,230
Coimbra,C_7,896
Covilhã,C_8,100
Estremoz,C_9,53
Évora,C_10,220
Faro,C_11,407
Guarda,C_12,177
Lagos,C_13,123
Leiria,C_14,406
Lisboa,C_15,12250
Portalegre,C_16,96
Porto,C_17,5650
Santarém,C_18,200
Setúbal,C_19,780
Viana do Castelo,C_20,100
Vila real,C_21,135
Viseu,C_22,330
City,Code,WaterReceived
Alcacer do Sal,C_1,52
Aveiro,C_2,515
Beja,C_3,110
Braga,C_4,1208
Bragança,C_5,125
Castelo Branco,C_6,230
Coimbra,C_7,896
Covilhã,C_8,100
Estremoz,C_9,53
Évora,C_10,220
Faro,C_11,407
Guarda,C_12,177
Lagos,C_13,123
Leiria,C_14,406
Lisboa,C_15,12250
Portalegre,C_16,96
Porto,C_17,5650
Santarém,C_18,200
Setúbal,C_19,780
Viana do Castelo,C_20,100
Vila real,C_21,135
Viseu,C_22,230
City,Code,WaterReceived
Alcacer do Sal,C_1,52
Aveiro,C_2,515
Beja,C_3,110
Braga,C_4,1208
Bragança,C_5,125
Castelo Branco,C_6,230
Coimbra,C_7,896
Covilhã,C_8,100
Estremoz,C_9,53
Évora,C_10,220
Faro,C_11,407
Guarda,C_12,177
Lagos,C_13,123
Leiria,C_14,406
Lisboa,C_15,12250
Portalegre,C_16,96
Porto,C_17,5650
Santarém,C_18,200
Setúbal,C_19,780
Viana do Castelo,C_20,100
Vila real,C_21,135
Viseu,C_22,230
City,Code,WaterReceived
Alcacer do Sal,C_1,52
Aveiro,C_2,515
Beja,C_3,110
Braga,C_4,1208
Bragança,C_5,125
Castelo Branco,C_6,230
Coimbra,C_7,896
Covilhã,C_8,100
Estremoz,C_9,53
Évora,C_10,220
Faro,C_11,407
Guarda,C_12,177
Lagos,C_13,123
Leiria,C_14,406
Lisboa,C_15,12250
Portalegre,C_16,96
Porto,C_17,5650
Santarém,C_18,200
Setúbal,C_19,780
Viana do Castelo,C_20,100
Vila real,C_21,135
Viseu,C_22,300
City,Code,WaterReceived
Alcacer do Sal,C_1,52
Aveiro,C_2,515
Beja,C_3,110
Braga,C_4,1208
Bragança,C_5,125
Castelo Branco,C_6,230
Coimbra,C_7,600
Covilhã,C_8,100
Estremoz,C_9,53
Évora,C_10,220
Faro,C_11,407
Guarda,C_12,177
Lagos,C_13,123
Leiria,C_14,406
Lisboa,C_15,12250
Portalegre,C_16,96
Porto,C_17,5650
Santarém,C_18,200
Setúbal,C_19,780
Viana do Castelo,C_20,100
Vila real,C_21,135
Viseu,C_22,330
City,Code,WaterReceived
Alcacer do Sal,C_1,52
Aveiro,C_2,515
Beja,C_3,110
Braga,C_4,1208
Bragança,C_5,125
Castelo Branco,C_6,230
Coimbra,C_7,896
Covilhã,C_8,100
Estremoz,C_9,53
Évora,C_10,220
Faro,C_11,407
Guarda,C_12,177
Lagos,C_13,123
Leiria,C_14,406
Lisboa,C_15,12250
Portalegre,C_16,96
Porto,C_17,5650
Santarém,C_18,200
Setúbal,C_19,780
Viana do Castelo,C_20,100
Vila real,C_21,135
Viseu,C_22,330
City,Code,WaterReceived
Alcacer do Sal,C_1,52
Aveiro,C_2,515
Beja,C_3,110
Braga,C_4,1208
Bragança,C_5,125
Castelo Branco,C_6,230
Coimbra,C_7,600
Covilhã,C_8,100
Estremoz,C_9,53
Évora,C_10,220
Faro,C_11,407
Guarda,C_12,177
Lagos,C_13,123
Leiria,C_14,320
Lisboa,C_15,12250
Portalegre,C_16,96
Porto,C_17,5650
Santarém,C_18,200
Setúbal,C_19,780
Viana do Castelo,C_20,100
Vila real,C_21,135
Viseu,C_22,330
City,Code,WaterReceived
Alcacer do Sal,C_1,52
Aveiro,C_2,515
Beja,C_3,110
Braga,C_4,1208
Bragança,C_5,125
Castelo Branco,C_6,230
Coimbra,C_7,600
Covilhã,C_8,100
Estremoz,C_9,53
Évora,C_10,220
Faro,C_11,407
Guarda,C_12,177
Lagos,C_13,123
Leiria,C_14,406
Lisboa,C_15,12250
Portalegre,C_16,96
Porto,C_17,5650
Santarém,C_18,200
Setúbal,C_19,780
Viana do Castelo,C_20,100
Vila real,C_21,135
Viseu,C_22,330
City,Code,WaterReceived
Alcacer do Sal,C_1,52
Aveiro,C_2,515
Beja,C_3,110
Braga,C_4,1208
Bragança,C_5,125
Castelo Branco,C_6,230
Coimbra,C_7,600
Covilhã,C_8,100
Estremoz,C_9,53
Évora,C_10,220
Faro,C_11,407
Guarda,C_12,177
Lagos,C_13,123
Leiria,C_14,406
Lisboa,C_15,12250
Portalegre,C_16,96
Porto,C_17,5650
Santarém,C_18,200
Setúbal,C_19,780
Viana do Castelo,C_20,100
Vila real,C_21,135
Viseu,C_22,330
City,Code,WaterReceived
Alcacer do Sal,C_1,52
Aveiro,C_2,515
Beja,C_3,110
Braga,C_4,1208
Bragança,C_5,125
Castelo Branco,C_6,230
Coimbra,C_7,896
Covilhã,C_8,100
Estremoz,C_9,53
Évora,C_10,220
Faro,C_11,407
Guarda,C_12,177
Lagos,C_13,123
Leiria,C_14,320
Lisboa,C_15,12250
Portalegre,C_16,96
Porto,C_17,5650
Santarém,C_18,200
Setúbal,C_19,780
Viana do Castelo,C_20,100
Vila real,C_21,135
Viseu,C_22,330
City,Code,WaterReceived
Alcacer do Sal,C_1,52
Aveiro,C_2,515
Beja,C_3,110
Braga,C_4,1208
Bragança,C_5,125
Castelo Branco,C_6,230
Coimbra,C_7,896
Covilhã,C_8,100
Estremoz,C_9,53
Évora,C_10,220
Faro,C_11,407
Guarda,C_12,177
Lagos,C_13,123
Leiria,C_14,406
Lisboa,C_15,12250
Portalegre,C_16,96
Porto,C_17,5650
Santarém,C_18,200
Setúbal,C_19,780
Viana do Castelo,C_20,100
Vila real,C_21,135
Viseu,C_22,330
City,Code,WaterReceived
Alcacer do Sal,C_1,52
Aveiro,C_2,515
Beja,C_3,110
Braga,C_4,1208
Bragança,C_5,125
Castelo Branco,C_6,230
Coimbra,C_7,896
Covilhã,C_8,100
Estremoz,C_9,53
Évora,C_10,220
Faro,C_11,407
Guarda,C_12,177
Lagos,C_13,123
Leiria,C_14,406
Lisboa,C_15,12250
Portalegre,C_16,96
Porto,C_17,5650
Santarém,C_18,200
Setúbal,C_19,780
Viana do Castelo,C_20,100
Vila real,C_21,135
Viseu,C_22,300
City,Code,WaterReceived
Alcacer do Sal,C_1,52
Aveiro,C_2,515
Beja,C_3,110
Braga,C_4,1208
Bragança,C_5,125
Castelo Branco,C_6,230
Coimbra,C_7,896
Covilhã,C_8,100
Estremoz,C_9,53
Évora,C_10,220
Faro,C_11,407
Guarda,C_12,177
Lagos,C_13,123
Leiria,C_14,406
Lisboa,C_15,12250
Portalegre,C_16,96
Porto,C_17,5650
Santarém,C_18,200
Setúbal,C_19,780
Viana do Castelo,C_20,100
Vila real,C_21,135
Viseu,C_22,330
City,Code,WaterReceived
Alcacer do Sal,C_1,52
Aveiro,C_2,515
Beja,C_3,110
Braga,C_4,1208
Bragança,C_5,125
Castelo Branco,C_6,230
Coimbra,C_7,896
Covilhã,C_8,100
Estremoz,C_9,53
Évora,C_10,220
Faro,C_11,407
Guarda,C_12,177
Lagos,C_13,123
Leiria,C_14,406
Lisboa,C_15,12250
Portalegre,C_16,96
Porto,C_17,5650
Santarém,C_18,200
Setúbal,C_19,780
Viana do Castelo,C_20,100
Vila real,C_21,135
Viseu,C_22,330
City,Code,WaterReceived
Alcacer do Sal,C_1,52
Aveiro,C_2,515
Beja,C_3,110
Braga,C_4,1208
Bragança,C_5,125
Castelo Branco,C_6,230
Coimbra,C_7,896
Covilhã,C_8,0
Estremoz,C_9,53
Évora,C_10,220
Faro,C_11,407
Guarda,C_12,177
Lagos,C_13,123
Leiria,C_14,406
Lisboa,C_15,12250
Portalegre,C_16,96
Porto,C_17,5650
Santarém,C_18,200
Setúbal,C_19,780
Viana do Castelo,C_20,100
Vila real,C_21,135
Viseu,C_22,330
City,Code,WaterReceived
Alcacer do Sal,C_1,52
Aveiro,C_2,515
Beja,C_3,110
Braga,C_4,1208
Bragança,C_5,125
Castelo Branco,C_6,230
Coimbra,C_7,896
Covilhã,C_8,0
Estremoz,C_9,53
Évora,C_10,220
Faro,C_11,407
Guarda,C_12,100
Lagos,C_13,123
Leiria,C_14,406
Lisboa,C_15,12250
Portalegre,C_16,96
Porto,C_17,5650
Santarém,C_18,200
Setúbal,C_19,780
Viana do Castelo,C_20,100
Vila real,C_21,135
Viseu,C_22,330
City,Code,WaterReceived
Alcacer do Sal,C_1,52
Aveiro,C_2,515
Beja,C_3,110
Braga,C_4,1208
Bragança,C_5,125
Castelo Branco,C_6,230
Coimbra,C_7,896
Covilhã,C_8,100
Estremoz,C_9,53
Évora,C_10,220
Faro,C_11,407
Guarda,C_12,177
Lagos,C_13,123
Leiria,C_14,320
Lisboa,C_15,12250
Portalegre,C_16,96
Porto,C_17,5650
Santarém,C_18,200
Setúbal,C_19,780
Viana do Castelo,C_20,100
Vila real,C_21,135
Viseu,C_22,330
City,Code,WaterReceived
Alcacer do Sal,C_1,52
Aveiro,C_2,515
Beja,C_3,110
Braga,C_4,1208
Bragança,C_5,125
Castelo Branco,C_6,230
Coimbra,C_7,896
Covilhã,C_8,100
Estremoz,C_9,53
Évora,C_10,220
Faro,C_11,407
Guarda,C_12,177
Lagos,C_13,123
Leiria,C_14,295
Lisboa,C_15,12250
Portalegre,C_16,96
Porto,C_17,5650
Santarém,C_18,200
Setúbal,C_19,780
Viana do Castelo,C_20,100
Vila real,C_21,135
Viseu,C_22,330
City,Code,WaterReceived
Alcacer do Sal,C_1,52
Aveiro,C_2,515
Beja,C_3,110
Braga,C_4,1208
Bragança,C_5,125
Castelo Branco,C_6,230
Coimbra,C_7,896
Covilhã,C_8,100
Estremoz,C_9,53
Évora,C_10,220
Faro,C_11,407
Guarda,C_12,177
Lagos,C_13,123
Leiria,C_14,406
Lisboa,C_15,12250
Portalegre,C_16,96
Porto,C_17,5650
Santarém,C_18,200
Setúbal,C_19,780
Viana do Castelo,C_20,100
Vila real,C_21,135
Viseu,C_22,330
City,Code,WaterReceived
Alcacer do Sal,C_1,52
Aveiro,C_2,515
Beja,C_3,110
Braga,C_4,1208
Bragança,C_5,125
Castelo Branco,C_6,230
Coimbra,C_7,896
Covilhã,C_8,100
Estremoz,C_9,53
Évora,C_10,220
Faro,C_11,407
Guarda,C_12,177
Lagos,C_13,123
Leiria,C_14,290
Lisboa,C_15,12250
Portalegre,C_16,96
Porto,C_17,5650
Santarém,C_18,200
Setúbal,C_19,780
Viana do Castelo,C_20,100
Vila real,C_21,135
Viseu,C_22,330
City,Code,WaterReceived
Alcacer do Sal,C_1,52
Aveiro,C_2,515
Beja,C_3,110
Braga,C_4,1208
Bragança,C_5,125
Castelo Branco,C_6,230
Coimbra,C_7,896
Covilhã,C_8,100
Estremoz,C_9,53
Évora,C_10,220
Faro,C_11,407
Guarda,C_12,177
Lagos,C_13,123
Leiria,C_14,406
Lisboa,C_15,12250
Portalegre,C_16,96
Porto,C_17,5650
Santarém,C_18,200
Setúbal,C_19,780
Viana do Castelo,C_20,100
Vila real,C_21,135
Viseu,C_22,330
City,Code,WaterReceived
Alcacer do Sal,C_1,52
Aveiro,C_2,515
Beja,C_3,110
Braga,C_4,1208
Bragança,C_5,125
Castelo Branco,C_6,230
Coimbra,C_7,896
Covilhã,C_8,100
Estremoz,C_9,53
Évora,C_10,220
Faro,C_11,407
Guarda,C_12,177
Lagos,C_13,123
Leiria,C_14,345
Lisboa,C_15,12250
Portalegre,C_16,96
Porto,C_17,5650
Santarém,C_18,200
Setúbal,C_19,780
Viana do Castelo,C_20,100
Vila real,C_21,135
Viseu,C_22,330
City,Code,WaterReceived
Alcacer do Sal,C_1,52
Aveiro,C_2,515
Beja,C_3,110
Braga,C_4,1208
Bragança,C_5,125
Castelo Branco,C_6,230
Coimbra,C_7,896
Covilhã,C_8,100
Estremoz,C_9,53
Évora,C_10,220
Faro,C_11,407
Guarda,C_12,177
Lagos,C_13,123
Leiria,C_14,406
Lisboa,C_15,12250
Portalegre,C_16,96
Porto,C_17,5650
Santarém,C_18,160
Setúbal,C_19,780
Viana do Castelo,C_20,100
Vila real,C_21,135
Viseu,C_22,330
City,Code,WaterReceived
Alcacer do Sal,C_1,52
Aveiro,C_2,515
Beja,C_3,110
Braga,C_4,1208
Bragança,C_5,125
Castelo Branco,C_6,230
Coimbra,C_7,896
Covilhã,C_8,100
Estremoz,C_9,53
Évora,C_10,220
Faro,C_11,407
Guarda,C_12,177
Lagos,C_13,123
Leiria,C_14,324
Lisboa,C_15,12250
Portalegre,C_16,96
Porto,C_17,5650
Santarém,C_18,200
Setúbal,C_19,780
Viana do Castelo,C_20,100
Vila real,C_21,135
Viseu,C_22,330
City,Code,WaterReceived
Alcacer do Sal,C_1,52
Aveiro,C_2,515
Beja,C_3,110
Braga,C_4,1208
Bragança,C_5,125
Castelo Branco,C_6,230
Coimbra,C_7,896
Covilhã,C_8,100
Estremoz,C_9,53
Évora,C_10,220
Faro,C_11,407
Guarda,C_12,177
Lagos,C_13,123
Leiria,C_14,345
Lisboa,C_15,12250
Portalegre,C_16,96
Porto,C_17,5650
Santarém,C_18,160
Setúbal,C_19,780
Viana do Castelo,C_20,100
Vila real,C_21,135
Viseu,C_22,330
City,Code,WaterReceived
Alcacer do Sal,C_1,52
Aveiro,C_2,515
Beja,C_3,110
Braga,C_4,1208
Bragança,C_5,125
Castelo Branco,C_6,230
Coimbra,C_7,896
Covilhã,C_8,100
Estremoz,C_9,53
Évora,C_10,220
Faro,C_11,407
Guarda,C_12,177
Lagos,C_13,123
Leiria,C_14,406
Lisboa,C_15,7049
Portalegre,C_16,96
Porto,C_17,5650
Santarém,C_18,200
Setúbal,C_19,780
Viana do Castelo,C_20,100
Vila real,C_21,135
Viseu,C_22,310
City,Code,WaterReceived
Alcacer do Sal,C_1,52
Aveiro,C_2,515
Beja,C_3,110
Braga,C_4,1208
Bragança,C_5,125
Castelo Branco,C_6,160
Coimbra,C_7,896
Covilhã,C_8,100
Estremoz,C_9,53
Évora,C_10,220
Faro,C_11,407
Guarda,C_12,177
Lagos,C_13,123
Leiria,C_14,406
Lisboa,C_15,12250
Portalegre,C_16,96
Porto,C_17,5650
Santarém,C_18,200
Setúbal,C_19,780
Viana do Castelo,C_20,100
Vila real,C_21,135
Viseu,C_22,330
City,Code,WaterReceived
Alcacer do Sal,C_1,52
Aveiro,C_2,515
Beja,C_3,110
Braga,C_4,1208
Bragança,C_5,125
Castelo Branco,C_6,230
Coimbra,C_7,896
Covilhã,C_8,100
Estremoz,C_9,53
Évora,C_10,220
Faro,C_11,407
Guarda,C_12,177
Lagos,C_13,123
Leiria,C_14,406
Lisboa,C_15,12250
Portalegre,C_16,96
Porto,C_17,5650
Santarém,C_18,200
Setúbal,C_19,780
Viana do Castelo,C_20,100
Vila real,C_21,135
Viseu,C_22,330
City,Code,WaterReceived
Alcacer do Sal,C_1,52
Aveiro,C_2,515
Beja,C_3,110
Braga,C_4,1208
Bragança,C_5,125
Castelo Branco,C_6,160
Coimbra,C_7,896
Covilhã,C_8,100
Estremoz,C_9,53
Évora,C_10,220
Faro,C_11,407
Guarda,C_12,177
Lagos,C_13,123
Leiria,C_14,406
Lisboa,C_15,12250
Portalegre,C_16,96
Porto,C_17,5650
Santarém,C_18,200
Setúbal,C_19,780
Viana do Castelo,C_20,100
Vila real,C_21,135
Viseu,C_22,330
City,Code,WaterReceived
Alcacer do Sal,C_1,52
Aveiro,C_2,515
Beja,C_3,110
Braga,C_4,1208
Bragança,C_5,125
Castelo Branco,C_6,180
Coimbra,C_7,896
Covilhã,C_8,100
Estremoz,C_9,53
Évora,C_10,220
Faro,C_11,407
Guarda,C_12,177
Lagos,C_13,123
Leiria,C_14,406
Lisboa,C_15,12250
Portalegre,C_16,96
Porto,C_17,5650
Santarém,C_18,200
Setúbal,C_19,780
Viana do Castelo,C_20,100
Vila real,C_21,135
Viseu,C_22,310
City,Code,WaterReceived
Alcacer do Sal,C_1,52
Aveiro,C_2,515
Beja,C_3,110
Braga,C_4,1208
Bragança,C_5,125
Castelo Branco,C_6,230
Coimbra,C_7,896
Covilhã,C_8,100
Estremoz,C_9,53
Évora,C_10,220
Faro,C_11,407
Guarda,C_12,177
Lagos,C_13,123
Leiria,C_14,406
Lisboa,C_15,7189
Portalegre,C_16,96
Porto,C_17,5650
Santarém,C_18,200
Setúbal,C_19,780
Viana do Castelo,C_20,100
Vila real,C_21,135
Viseu,C_22,330
City,Code,WaterReceived
Alcacer do Sal,C_1,52
Aveiro,C_2,515
Beja,C_3,110
Braga,C_4,1208
Bragança,C_5,125
Castelo Branco,C_6,230
Coimbra,C_7,896
Covilhã,C_8,100
Estremoz,C_9,53
Évora,C_10,220
Faro,C_11,407
Guarda,C_12,177
Lagos,C_13,123
Leiria,C_14,406
Lisboa,C_15,12250
Portalegre,C_16,70
Porto,C_17,5650
Santarém,C_18,200
Setúbal,C_19,780
Viana do Castelo,C_20,100
Vila real,C_21,135
Viseu,C_22,330
City,Code,WaterReceived
Alcacer do Sal,C_1,52
Aveiro,C_2,515
Beja,C_3,110
Braga,C_4,1208
Bragança,C_5,125
Castelo Branco,C_6,160
Coimbra,C_7,896
Covilhã,C_8,100
Estremoz,C_9,53
Évora,C_10,220
Faro,C_11,407
Guarda,C_12,177
Lagos,C_13,123
Leiria,C_14,406
Lisboa,C_15,12250
Portalegre,C_16,96
Porto,C_17,5650
Santarém,C_18,200
Setúbal,C_19,780
Viana do Castelo,C_20,100
Vila real,C_21,135
Viseu,C_22,330
City,Code,WaterReceived
Alcacer do Sal,C_1,52
Aveiro,C_2,515
Beja,C_3,110
Braga,C_4,1208
Bragança,C_5,125
Castelo Branco,C_6,230
Coimbra,C_7,896
Covilhã,C_8,100
Estremoz,C_9,53
Évora,C_10,220
Faro,C_11,407
Guarda,C_12,177
Lagos,C_13,123
Leiria,C_14,406
Lisboa,C_15,12250
Portalegre,C_16,96
Porto,C_17,5650
Santarém,C_18,200
Setúbal,C_19,780
Viana do Castelo,C_20,100
Vila real,C_21,135
Viseu,C_22,330
City,Code,WaterReceived
Alcacer do Sal,C_1,52
Aveiro,C_2,515
Beja,C_3,110
Braga,C_4,1208
Bragança,C_5,125
Castelo Branco,C_6,230
Coimbra,C_7,896
Covilhã,C_8,100
Estremoz,C_9,53
Évora,C_10,220
Faro,C_11,407
Guarda,C_12,177
Lagos,C_13,123
Leiria,C_14,406
Lisboa,C_15,7294
Portalegre,C_16,96
Porto,C_17,5650
Santarém,C_18,200
Setúbal,C_19,780
Viana do Castelo,C_20,100
Vila real,C_21,135
Viseu,C_22,330
City,Code,WaterReceived
Alcacer do Sal,C_1,52
Aveiro,C_2,515
Beja,C_3,110
Braga,C_4,1208
Bragança,C_5,125
Castelo Branco,C_6,230
Coimbra,C_7,896
Covilhã,C_8,100
Estremoz,C_9,53
Évora,C_10,220
Faro,C_11,407
Guarda,C_12,177
Lagos,C_13,123
Leiria,C_14,406
Lisboa,C_15,12250
Portalegre,C_16,96
Porto,C_17,5650
Santarém,C_18,160
Setúbal,C_19,780
Viana do Castelo,C_20,100
Vila real,C_21,135
Viseu,C_22,330
City,Code,WaterReceived
Alcacer do Sal,C_1,52
Aveiro,C_2,515
Beja,C_3,110
Braga,C_4,1208
Bragança,C_5,125
Castelo Branco,C_6,230
Coimbra,C_7,896
Covilhã,C_8,100
Estremoz,C_9,53
Évora,C_10,220
Faro,C_11,407
Guarda,C_12,177
Lagos,C_13,123
Leiria,C_14,406
Lisboa,C_15,12250
Portalegre,C_16,96
Porto,C_17,5650
Santarém,C_18,160
Setúbal,C_19,780
Viana do Castelo,C_20,100
Vila real,C_21,135
Viseu,C_22,330
City,Code,WaterReceived
Alcacer do Sal,C_1,52
Aveiro,C_2,515
Beja,C_3,110
Braga,C_4,1208
Bragança,C_5,125
Castelo Branco,C_6,230
Coimbra,C_7,896
Covilhã,C_8,100
Estremoz,C_9,53
Évora,C_10,220
Faro,C_11,407
Guarda,C_12,177
Lagos,C_13,123
Leiria,C_14,406
Lisboa,C_15,12250
Portalegre,C_16,96
Porto,C_17,5650
Santarém,C_18,165
Setúbal,C_19,780
Viana do Castelo,C_20,100
Vila real,C_21,135
Viseu,C_22,330
City,Code,WaterReceived
Alcacer do Sal,C_1,52
Aveiro,C_2,515
Beja,C_3,110
Braga,C_4,1208
Bragança,C_5,125
Castelo Branco,C_6,230
Coimbra,C_7,896
Covilhã,C_8,100
Estremoz,C_9,53
Évora,C_10,220
Faro,C_11,407
Guarda,C_12,177
Lagos,C_13,123
Leiria,C_14,406
Lisboa,C_15,12250
Portalegre,C_16,96
Porto,C_17,5650
Santarém,C_18,160
Setúbal,C_19,780
Viana do Castelo,C_20,100
Vila real,C_21,135
Viseu,C_22,330
City,Code,WaterReceived
Alcacer do Sal,C_1,52
Aveiro,C_2,515
Beja,C_3,110
Braga,C_4,1208
Bragança,C_5,125
Castelo Branco,C_6,230
Coimbra,C_7,896
Covilhã,C_8,100
Estremoz,C_9,53
Évora,C_10,220
Faro,C_11,407
Guarda,C_12,177
Lagos,C_13,123
Leiria,C_14,406
Lisboa,C_15,10200
Portalegre,C_16,96
Porto,C_17,5650
Santarém,C_18,200
Setúbal,C_19,780
Viana do Castelo,C_20,100
Vila real,C_21,135
Viseu,C_22,330
City,Code,WaterReceived
Alcacer do Sal,C_1,52
Aveiro,C_2,515
Beja,C_3,110
Braga,C_4,1208
Bragança,C_5,125
Castelo Branco,C_6,230
Coimbra,C_7,896
Covilhã,C_8,100
Estremoz,C_9,53
Évora,C_10,220
Faro,C_11,407
Guarda,C_12,177
Lagos,C_13,123
Leiria,C_14,406
Lisboa,C_15,6750
Portalegre,C_16,96
Porto,C_17,5650
Santarém,C_18,200
Setúbal,C_19,780
Viana do Castelo,C_20,100
Vila real,C_21,135
Viseu,C_22,330
City,Code,WaterReceived
Alcacer do Sal,C_1,52
Aveiro,C_2,515
Beja,C_3,110
Braga,C_4,1208
Bragança,C_5,125
Castelo Branco,C_6,230
Coimbra,C_7,896
Covilhã,C_8,100
Estremoz,C_9,53
Évora,C_10,220
Faro,C_11,407
Guarda,C_12,177
Lagos,C_13,123
Leiria,C_14,406
Lisboa,C_15,12250
Portalegre,C_16,96
Porto,C_17,5650
Santarém,C_18,200
Setúbal,C_19,780
Viana do Castelo,C_20,100
Vila real,C_21,135
Viseu,C_22,330
City,Code,WaterReceived
Alcacer do Sal,C_1,52
Aveiro,C_2,515
Beja,C_3,110
Braga,C_4,1208
Bragança,C_5,125
Castelo Branco,C_6,230
Coimbra,C_7,896
Covilhã,C_8,100
Estremoz,C_9,53
Évora,C_10,220
Faro,C_11,407
Guarda,C_12,177
Lagos,C_13,123
Leiria,C_14,406
Lisboa,C_15,1220
Portalegre,C_16,96
Porto,C_17,5650
Santarém,C_18,200
Setúbal,C_19,780
Viana do Castelo,C_20,100
Vila real,C_21,135
Viseu,C_22,330
City,Code,WaterReceived
Alcacer do Sal,C_1,52
Aveiro,C_2,515
Beja,C_3,110
Braga,C_4,1208
Bragança,C_5,125
Castelo Branco,C_6,230
Coimbra,C_7,896
Covilhã,C_8,100
Estremoz,C_9,53
Évora,C_10,220
Faro,C_11,407
Guarda,C_12,177
Lagos,C_13,123
Leiria,C_14,406
Lisboa,C_15,12250
Portalegre,C_16,96
Porto,C_17,5650
Santarém,C_18,200
Setúbal,C_19,780
Viana do Castelo,C_20,100
Vila real,C_21,135
Viseu,C_22,330
City,Code,WaterReceived
Alcacer do Sal,C_1,52
Aveiro,C_2,515
Beja,C_3,110
Braga,C_4,1208
Bragança,C_5,125
Castelo Branco,C_6,230
Coimbra,C_7,896
Covilhã,C_8,100
Estremoz,C_9,53
Évora,C_10,220
Faro,C_11,407
Guarda,C_12,177
Lagos,C_13,123
Leiria,C_14,406
Lisboa,C_15,12250
Portalegre,C_16,70
Porto,C_17,5650
Santarém,C_18,200
Setúbal,C_19,780
Viana do Castelo,C_20,100
Vila real,C_21,135
Viseu,C_22,330
City,Code,WaterReceived
Alcacer do Sal,C_1,52
Aveiro,C_2,515
Beja,C_3,110
Braga,C_4,1208
Bragança,C_5,125
Castelo Branco,C_6,230
Coimbra,C_7,896
Covilhã,C_8,100
Estremoz,C_9,53
Évora,C_10,220
Faro,C_11,407
Guarda,C_12,177
Lagos,C_13,123
Leiria,C_14,406
Lisboa,C_15,7120
Portalegre,C_16,96
Porto,C_17,5650
Santarém,C_18,200
Setúbal,C_19,780
Viana do Castelo,C_20,100
Vila real,C_21,135
Viseu,C_22,330
City,Code,WaterReceived
Alcacer do Sal,C_1,52
Aveiro,C_2,515
Beja,C_3,110
Braga,C_4,1208
Bragança,C_5,125
Castelo Branco,C_6,230
Coimbra,C_7,896
Covilhã,C_8,100
Estremoz,C_9,53
Évora,C_10,220
Faro,C_11,407
Guarda,C_12,177
Lagos,C_13,123
Leiria,C_14,406
Lisboa,C_15,12250
Portalegre,C_16,96
Porto,C_17,5650
Santarém,C_18,200
Setúbal,C_19,780
Viana do Castelo,C_20,100
Vila real,C_21,135
Viseu,C_22,330
City,Code,WaterReceived
Alcacer do Sal,C_1,52
Aveiro,C_2,515
Beja,C_3,110
Braga,C_4,1208
Bragança,C_5,125
Castelo Branco,C_6,230
Coimbra,C_7,896
Covilhã,C_8,100
Estremoz,C_9,53
Évora,C_10,220
Faro,C_11,407
Guarda,C_12,177
Lagos,C_13,123
Leiria,C_14,406
Lisboa,C_15,12250
Portalegre,C_16,70
Porto,C_17,5650
Santarém,C_18,200
Setúbal,C_19,780
Viana do Castelo,C_20,100
Vila real,C_21,135
Viseu,C_22,330
City,Code,WaterReceived
Alcacer do Sal,C_1,52
Aveiro,C_2,515
Beja,C_3,110
Braga,C_4,1208
Bragança,C_5,125
Castelo Branco,C_6,230
Coimbra,C_7,896
Covilhã,C_8,100
Estremoz,C_9,53
Évora,C_10,220
Faro,C_11,407
Guarda,C_12,177
Lagos,C_13,123
Leiria,C_14,406
Lisboa,C_15,12250
Portalegre,C_16,96
Porto,C_17,5650
Santarém,C_18,200
Setúbal,C_19,780
Viana do Castelo,C_20,100
Vila real,C_21,135
Viseu,C_22,330
City,Code,WaterReceived
Alcacer do Sal,C_1,52
Aveiro,C_2,515
Beja,C_3,110
Braga,C_4,1208
Bragança,C_5,125
Castelo Branco,C_6,230
Coimbra,C_7,896
Covilhã,C_8,100
Estremoz,C_9,53
Évora,C_10,220
Faro,C_11,407
Guarda,C_12,177
Lagos,C_13,123
Leiria,C_14,406
Lisboa,C_15,6920
Portalegre,C_16,96
Porto,C_17,5650
Santarém,C_18,200
Setúbal,C_19,780
Viana do Castelo,C_20,100
Vila real,C_21,135
Viseu,C_22,330
City,Code,WaterReceived
Alcacer do Sal,C_1,52
Aveiro,C_2,515
Beja,C_3,110
Braga,C_4,1208
Bragança,C_5,125
Castelo Branco,C_6,230
Coimbra,C_7,896
Covilhã,C_8,100
Estremoz,C_9,0
Évora,C_10,220
Faro,C_11,407
Guarda,C_12,177
Lagos,C_13,123
Leiria,C_14,406
Lisboa,C_15,12250
Portalegre,C_16,96
Porto,C_17,5650
Santarém,C_18,200
Setúbal,C_19,780
Viana do Castelo,C_20,100
Vila real,C_21,135
Viseu,C_22,330
City,Code,WaterReceived
Alcacer do Sal,C_1,52
Aveiro,C_2,515
Beja,C_3,110
Braga,C_4,1208
Bragança,C_5,125
Castelo Branco,C_6,230
Coimbra,C_7,896
Covilhã,C_8,100
Estremoz,C_9,53
Évora,C_10,140
Faro,C_11,407
Guarda,C_12,177
Lagos,C_13,123
Leiria,C_14,406
Lisboa,C_15,12250
Portalegre,C_16,96
Porto,C_17,5650
Santarém,C_18,200
Setúbal,C_19,780
Viana do Castelo,C_20,100
Vila real,C_21,135
Viseu,C_22,330
City,Code,WaterReceived
Alcacer do Sal,C_1,52
Aveiro,C_2,515
Beja,C_3,110
Braga,C_4,1208
Bragança,C_5,125
Castelo Branco,C_6,230
Coimbra,C_7,896
Covilhã,C_8,100
Estremoz,C_9,53
Évora,C_10,220
Faro,C_11,407
Guarda,C_12,177
Lagos,C_13,123
Leiria,C_14,406
Lisboa,C_15,5000
Portalegre,C_16,96
Porto,C_17,5650
Santarém,C_18,200
Setúbal,C_19,780
Viana do Castelo,C_20,100
Vila real,C_21,135
Viseu,C_22,330
City,Code,WaterReceived
Alcacer do Sal,C_1,52
Aveiro,C_2,515
Beja,C_3,110
Braga,C_4,1208
Bragança,C_5,125
Castelo Branco,C_6,230
Coimbra,C_7,896
Covilhã,C_8,100
Estremoz,C_9,53
Évora,C_10,140
Faro,C_11,407
Guarda,C_12,177
Lagos,C_13,123
Leiria,C_14,406
Lisboa,C_15,12250
Portalegre,C_16,96
Porto,C_17,5650
Santarém,C_18,200
Setúbal,C_19,780
Viana do Castelo,C_20,100
Vila real,C_21,135
Viseu,C_22,330
City,Code,WaterReceived
Alcacer do Sal,C_1,52
Aveiro,C_2,515
Beja,C_3,110
Braga,C_4,1208
Bragança,C_5,125
Castelo Branco,C_6,230
Coimbra,C_7,896
Covilhã,C_8,100
Estremoz,C_9,53
Évora,C_10,220
Faro,C_11,407
Guarda,C_12,177
Lagos,C_13,123
Leiria,C_14,406
Lisboa,C_15,12250
Portalegre,C_16,96
Porto,C_17,5650
Santarém,C_18,200
Setúbal,C_19,780
Viana do Castelo,C_20,100
Vila real,C_21,135
Viseu,C_22,330
City,Code,WaterReceived
Alcacer do Sal,C_1,52
Aveiro,C_2,515
Beja,C_3,110
Braga,C_4,1208
Bragança,C_5,125
Castelo Branco,C_6,230
Coimbra,C_7,896
Covilhã,C_8,100
Estremoz,C_9,53
Évora,C_10,220
Faro,C_11,407
Guarda,C_12,177
Lagos,C_13,123
Leiria,C_14,406
Lisboa,C_15,12250
Portalegre,C_16,96
Porto,C_17,5650
Santarém,C_18,200
Setúbal,C_19,780
Viana do Castelo,C_20,100
Vila real,C_21,135
Viseu,C_22,330
City,Code,WaterReceived
Alcacer do Sal,C_1,52
Aveiro,C_2,515
Beja,C_3,110
Braga,C_4,1208
Bragança,C_5,125
Castelo Branco,C_6,230
Coimbra,C_7,896
Covilhã,C_8,100
Estremoz,C_9,53
Évora,C_10,200
Faro,C_11,407
Guarda,C_12,177
Lagos,C_13,123
Leiria,C_14,406
Lisboa,C_15,12250
Portalegre,C_16,96
Porto,C_17,5650
Santarém,C_18,200
Setúbal,C_19,780
Viana do Castelo,C_20,100
Vila real,C_21,135
Viseu,C_22,330
City,Code,WaterReceived
Alcacer do Sal,C_1,52
Aveiro,C_2,515
Beja,C_3,110
Braga,C_4,1208
Bragança,C_5,125
Castelo Branco,C_6,230
Coimbra,C_7,896
Covilhã,C_8,100
Estremoz,C_9,53
Évora,C_10,220
Faro,C_11,407
Guarda,C_12,177
Lagos,C_13,123
Leiria,C_14,406
Lisboa,C_15,12250
Portalegre,C_16,96
Porto,C_17,5650
Santarém,C_18,200
Setúbal,C_19,780
Viana do Castelo,C_20,100
Vila real,C_21,135
Viseu,C_22,330
City,Code,WaterReceived
Alcacer do Sal,C_1,52
Aveiro,C_2,515
Beja,C_3,110
Braga,C_4,1208
Bragança,C_5,125
Castelo Branco,C_6,230
Coimbra,C_7,896
Covilhã,C_8,100
Estremoz,C_9,53
Évora,C_10,220
Faro,C_11,407
Guarda,C_12,177
Lagos,C_13,123
Leiria,C_14,406
Lisboa,C_15,12250
Portalegre,C_16,96
Porto,C_17,5650
Santarém,C_18,200
Setúbal,C_19,780
Viana do Castelo,C_20,100
Vila real,C_21,135
Viseu,C_22,330
City,Code,WaterReceived
Alcacer do Sal,C_1,52
Aveiro,C_2,515
Beja,C_3,110
Braga,C_4,1208
Bragança,C_5,125
Castelo Branco,C_6,230
Coimbra,C_7,896
Covilhã,C_8,100
Estremoz,C_9,53
Évora,C_10,220
Faro,C_11,407
Guarda,C_12,177
Lagos,C_13,123
Leiria,C_14,406
Lisboa,C_15,12250
Portalegre,C_16,96
Porto,C_17,5650
Santarém,C_18,200
Setúbal,C_19,780
Viana do Castelo,C_20,100
Vila real,C_21,135
Viseu,C_22,330
City,Code,WaterReceived
Alcacer do Sal,C_1,52
Aveiro,C_2,515
Beja,C_3,110
Braga,C_4,1208
Bragança,C_5,125
Castelo Branco,C_6,230
Coimbra,C_7,896
Covilhã,C_8,100
Estremoz,C_9,53
Évora,C_10,220
Faro,C_11,407
Guarda,C_12,177
Lagos,C_13,123
Leiria,C_14,406
Lisboa,C_15,12250
Portalegre,C_16,96
Porto,C_17,5650
Santarém,C_18,200
Setúbal,C_19,780
Viana do Castelo,C_20,100
Vila real,C_21,135
Viseu,C_22,330
City,Code,WaterReceived
Alcacer do Sal,C_1,52
Aveiro,C_2,515
Beja,C_3,110
Braga,C_4,1208
Bragança,C_5,125
Castelo Branco,C_6,230
Coimbra,C_7,896
Covilhã,C_8,100
Estremoz,C_9,53
Évora,C_10,220
Faro,C_11,407
Guarda,C_12,177
Lagos,C_13,123
Leiria,C_14,406
Lisboa,C_15,10750
Portalegre,C_16,96
Porto,C_17,5650
Santarém,C_18,200
Setúbal,C_19,780
Viana do Castelo,C_20,100
Vila real,C_21,135
Viseu,C_22,330
City,Code,WaterReceived
Alcacer do Sal,C_1,52
Aveiro,C_2,515
Beja,C_3,110
Braga,C_4,1208
Bragança,C_5,125
Castelo Branco,C_6,230
Coimbra,C_7,896
Covilhã,C_8,100
Estremoz,C_9,53
Évora,C_10,220
Faro,C_11,407
Guarda,C_12,177
Lagos,C_13,123
Leiria,C_14,406
Lisboa,C_15,8750
Portalegre,C_16,96
Porto,C_17,5650
Santarém,C_18,200
Setúbal,C_19,780
Viana do Castelo,C_20,100
Vila real,C_21,135
Viseu,C_22,330
City,Code,WaterReceived
Alcacer do Sal,C_1,52
Aveiro,C_2,515
Beja,C_3,110
Braga,C_4,1208
Bragança,C_5,125
Castelo Branco,C_6,230
Coimbra,C_7,896
Covilhã,C_8,100
Estremoz,C_9,53
Évora,C_10,220
Faro,C_11,407
Guarda,C_12,177
Lagos,C_13,123
Leiria,C_14,406
Lisboa,C_15,12250
Portalegre,C_16,96
Porto,C_17,5650
Santarém,C_18,200
Setúbal,C_19,780
Viana do Castelo,C_20,100
Vila real,C_21,135
Viseu,C_22,330
City,Code,WaterReceived
Alcacer do Sal,C_1,52
Aveiro,C_2,515
Beja,C_3,110
Braga,C_4,1208
Bragança,C_5,125
Castelo Branco,C_6,230
Coimbra,C_7,896
Covilhã,C_8,100
Estremoz,C_9,53
Évora,C_10,220
Faro,C_11,407
Guarda,C_12,177
Lagos,C_13,123
Leiria,C_14,406
Lisboa,C_15,9750
Portalegre,C_16,96
Porto,C_17,5650
Santarém,C_18,200
Setúbal,C_19,780
Viana do Castelo,C_20,100
Vila real,C_21,135
Viseu,C_22,330
City,Code,WaterReceived
Alcacer do Sal,C_1,52
Aveiro,C_2,515
Beja,C_3,110
Braga,C_4,1208
Bragança,C_5,125
Castelo Branco,C_6,230
Coimbra,C_7,896
Covilhã,C_8,100
Estremoz,C_9,53
Évora,C_10,220
Faro,C_11,407
Guarda,C_12,177
Lagos,C_13,123
Leiria,C_14,406
Lisboa,C_15,12250
Portalegre,C_16,96
Porto,C_17,5650
Santarém,C_18,200
Setúbal,C_19,780
Viana do Castelo,C_20,100
Vila real,C_21,135
Viseu,C_22,330
City,Code,WaterReceived
Alcacer do Sal,C_1,52
Aveiro,C_2,515
Beja,C_3,110
Braga,C_4,1208
Bragança,C_5,125
Castelo Branco,C_6,230
Coimbra,C_7,896
Covilhã,C_8,100
Estremoz,C_9,53
Évora,C_10,220
Faro,C_11,407
Guarda,C_12,177
Lagos,C_13,123
Leiria,C_14,406
Lisboa,C_15,12250
Portalegre,C_16,96
Porto,C_17,5650
Santarém,C_18,200
Setúbal,C_19,780
Viana do Castelo,C_20,100
Vila real,C_21,135
Viseu,C_22,330
City,Code,WaterReceived
Alcacer do Sal,C_1,52
Aveiro,C_2,515
Beja,C_3,110
Braga,C_4,1208
Bragança,C_5,125
Castelo Branco,C_6,230
Coimbra,C_7,896
Covilhã,C_8,100
Estremoz,C_9,53
Évora,C_10,220
Faro,C_11,407
Guarda,C_12,177
Lagos,C_13,123
Leiria,C_14,406
Lisboa,C_15,9450
Portalegre,C_16,96
Porto,C_17,5650
Santarém,C_18,200
Setúbal,C_19,780
Viana do Castelo,C_20,100
Vila real,C_21,135
Viseu,C_22,330
City,Code,WaterReceived
Alcacer do Sal,C_1,52
Aveiro,C_2,515
Beja,C_3,110
Braga,C_4,1208
Bragança,C_5,125
Castelo Branco,C_6,230
Coimbra,C_7,896
Covilhã,C_8,100
Estremoz,C_9,53
Évora,C_10,220
Faro,C_11,407
Guarda,C_12,177
Lagos,C_13,123
Leiria,C_14,406
Lisboa,C_15,11750
Portalegre,C_16,96
Porto,C_17,5650
Santarém,C_18,200
Setúbal,C_19,780
Viana do Castelo,C_20,100
Vila real,C_21,135
Viseu,C_22,330
City,Code,WaterReceived
Alcacer do Sal,C_1,52
Aveiro,C_2,515
Beja,C_3,110
Braga,C_4,1208
Bragança,C_5,125
Castelo Branco,C_6,230
Coimbra,C_7,896
Covilhã,C_8,100
Estremoz,C_9,53
Évora,C_10,220
Faro,C_11,407
Guarda,C_12,177
Lagos,C_13,123
Leiria,C_14,406
Lisboa,C_15,11700
Portalegre,C_16,96
Porto,C_17,5650
Santarém,C_18,200
Setúbal,C_19,780
Viana do Castelo,C_20,100
Vila real,C_21,135
Viseu,C_22,330
City,Code,WaterReceived
Alcacer do Sal,C_1,52
Aveiro,C_2,515
Beja,C_3,110
Braga,C_4,1208
Bragança,C_5,125
Castelo Branco,C_6,230
Coimbra,C_7,896
Covilhã,C_8,100
Estremoz,C_9,53
Évora,C_10,220
Faro,C_11,407
Guarda,C_12,177
Lagos,C_13,123
Leiria,C_14,406
Lisboa,C_15,12250
Portalegre,C_16,96
Porto,C_17,5650
Santarém,C_18,200
Setúbal,C_19,780
Viana do Castelo,C_20,100
Vila real,C_21,135
Viseu,C_22,330
City,Code,WaterReceived
Alcacer do Sal,C_1,52
Aveiro,C_2,515
Beja,C_3,110
Braga,C_4,1208
Bragança,C_5,125
Castelo Branco,C_6,230
Coimbra,C_7,896
Covilhã,C_8,100
Estremoz,C_9,53
Évora,C_10,220
Faro,C_11,407
Guarda,C_12,177
Lagos,C_13,123
Leiria,C_14,406
Lisboa,C_15,10670
Portalegre,C_16,96
Porto,C_17,5650
Santarém,C_18,200
Setúbal,C_19,780
Viana do Castelo,C_20,100
Vila real,C_21,135
Viseu,C_22,330
City,Code,WaterReceived
Alcacer do Sal,C_1,52
Aveiro,C_2,515
Beja,C_3,110
Braga,C_4,1208
Bragança,C_5,125
Castelo Branco,C_6,230
Coimbra,C_7,896
Covilhã,C_8,100
Estremoz,C_9,53
Évora,C_10,220
Faro,C_11,407
Guarda,C_12,177
Lagos,C_13,123
Leiria,C_14,406
Lisboa,C_15,12250
Portalegre,C_16,96
Porto,C_17,5650
Santarém,C_18,200
Setúbal,C_19,780
Viana do Castelo,C_20,100
Vila real,C_21,135
Viseu,C_22,330
City,Code,WaterReceived
Alcacer do Sal,C_1,52
Aveiro,C_2,515
Beja,C_3,110
Braga,C_4,1208
Bragança,C_5,125
Castelo Branco,C_6,230
Coimbra,C_7,896
Covilhã,C_8,100
Estremoz,C_9,53
Évora,C_10,220
Faro,C_11,407
Guarda,C_12,177
Lagos,C_13,123
Leiria,C_14,406
Lisboa,C_15,6450
Portalegre,C_16,96
Porto,C_17,5650
Santarém,C_18,200
Setúbal,C_19,780
Viana do Castelo,C_20,100
Vila real,C_21,135
Viseu,C_22,330
City,Code,WaterReceived
Alcacer do Sal,C_1,52
Aveiro,C_2,515
Beja,C_3,110
Braga,C_4,1208
Bragança,C_5,125
Castelo Branco,C_6,230
Coimbra,C_7,896
Covilhã,C_8,100
Estremoz,C_9,53
Évora,C_10,220
Faro,C_11,407
Guarda,C_12,177
Lagos,C_13,123
Leiria,C_14,406
Lisboa,C_15,12250
Portalegre,C_16,96
Porto,C_17,5650
Santarém,C_18,200
Setúbal,C_19,780
Viana do Castelo,C_20,100
Vila real,C_21,135
Viseu,C_22,330
City,Code,WaterReceived
Alcacer do Sal,C_1,52
Aveiro,C_2,515
Beja,C_3,110
Braga,C_4,1208
Bragança,C_5,125
Castelo Branco,C_6,230
Coimbra,C_7,896
Covilhã,C_8,100
Estremoz,C_9,53
Évora,C_10,220
Faro,C_11,407
Guarda,C_12,177
Lagos,C_13,123
Leiria,C_14,406
Lisboa,C_15,12250
Portalegre,C_16,96
Porto,C_17,5650
Santarém,C_18,200
Setúbal,C_19,780
Viana do Castelo,C_20,100
Vila real,C_21,135
Viseu,C_22,330
City,Code,WaterReceived
Alcacer do Sal,C_1,52
Aveiro,C_2,515
Beja,C_3,110
Braga,C_4,1208
Bragança,C_5,125
Castelo Branco,C_6,230
Coimbra,C_7,896
Covilhã,C_8,100
Estremoz,C_9,53
Évora,C_10,220
Faro,C_11,407
Guarda,C_12,177
Lagos,C_13,123
Leiria,C_14,406
Lisboa,C_15,12250
Portalegre,C_16,96
Porto,C_17,5650
Santarém,C_18,200
Setúbal,C_19,780
Viana do Castelo,C_20,100
Vila real,C_21,135
Viseu,C_22,330
City,Code,WaterReceived
Alcacer do Sal,C_1,52
Aveiro,C_2,515
Beja,C_3,110
Braga,C_4,1208
Bragança,C_5,125
Castelo Branco,C_6,230
Coimbra,C_7,896
Covilhã,C_8,100
Estremoz,C_9,53
Évora,C_10,220
Faro,C_11,407
Guarda,C_12,177
Lagos,C_13,123
Leiria,C_14,406
Lisboa,C_15,9670
Portalegre,C_16,96
Porto,C_17,5650
Santarém,C_18,200
Setúbal,C_19,780
Viana do Castelo,C_20,100
Vila real,C_21,135
Viseu,C_22,330
City,Code,WaterReceived
Alcacer do Sal,C_1,52
Aveiro,C_2,515
Beja,C_3,110
Braga,C_4,1208
Bragança,C_5,125
Castelo Branco,C_6,230
Coimbra,C_7,896
Covilhã,C_8,100
Estremoz,C_9,53
Évora,C_10,220
Faro,C_11,407
Guarda,C_12,177
Lagos,C_13,123
Leiria,C_14,406
Lisboa,C_15,12250
Portalegre,C_16,96
Porto,C_17,5650
Santarém,C_18,200
Setúbal,C_19,780
Viana do Castelo,C_20,100
Vila real,C_21,135
Viseu,C_22,330
City,Code,WaterReceived
Alcacer do Sal,C_1,52
Aveiro,C_2,515
Beja,C_3,110
Braga,C_4,1208
Bragança,C_5,125
Castelo Branco,C_6,230
Coimbra,C_7,896
Covilhã,C_8,100
Estremoz,C_9,53
Évora,C_10,220
Faro,C_11,407
Guarda,C_12,177
Lagos,C_13,123
Leiria,C_14,406
Lisboa,C_15,12250
Portalegre,C_16,96
Porto,C_17,5650
Santarém,C_18,200
Setúbal,C_19,780
Viana do Castelo,C_20,100
Vila real,C_21,135
Viseu,C_22,330
City,Code,WaterReceived
Alcacer do Sal,C_1,52
Aveiro,C_2,515
Beja,C_3,110
Braga,C_4,1208
Bragança,C_5,125
Castelo Branco,C_6,230
Coimbra,C_7,896
Covilhã,C_8,100
Estremoz,C_9,53
Évora,C_10,220
Faro,C_11,407
Guarda,C_12,177
Lagos,C_13,123
Leiria,C_14,406
Lisboa,C_15,12250
Portalegre,C_16,96
Porto,C_17,5650
Santarém,C_18,200
Setúbal,C_19,780
Viana do Castelo,C_20,100
Vila real,C_21,135
Viseu,C_22,330
City,Code,WaterReceived
Alcacer do Sal,C_1,52
Aveiro,C_2,515
Beja,C_3,110
Braga,C_4,1208
Bragança,C_5,125
Castelo Branco,C_6,230
Coimbra,C_7,896
Covilhã,C_8,100
Estremoz,C_9,53
Évora,C_10,220
Faro,C_11,407
Guarda,C_12,177
Lagos,C_13,123
Leiria,C_14,406
Lisboa,C_15,12250
Portalegre,C_16,96
Porto,C_17,5650
Santarém,C_18,200
Setúbal,C_19,0
Viana do Castelo,C_20,100
Vila real,C_21,135
Viseu,C_22,330
City,Code,WaterReceived
Alcacer do Sal,C_1,52
Aveiro,C_2,515
Beja,C_3,110
Braga,C_4,1208
Bragança,C_5,125
Castelo Branco,C_6,230
Coimbra,C_7,896
Covilhã,C_8,100
Estremoz,C_9,53
Évora,C_10,220
Faro,C_11,407
Guarda,C_12,177
Lagos,C_13,123
Leiria,C_14,406
Lisboa,C_15,12250
Portalegre,C_16,96
Porto,C_17,5650
Santarém,C_18,200
Setúbal,C_19,780
Viana do Castelo,C_20,100
Vila real,C_21,135
Viseu,C_22,330
City,Code,WaterReceived
Alcacer do Sal,C_1,52
Aveiro,C_2,515
Beja,C_3,110
Braga,C_4,1208
Bragança,C_5,125
Castelo Branco,C_6,230
Coimbra,C_7,896
Covilhã,C_8,100
Estremoz,C_9,53
Évora,C_10,220
Faro,C_11,407
Guarda,C_12,177
Lagos,C_13,123
Leiria,C_14,406
Lisboa,C_15,12250
Portalegre,C_16,96
Porto,C_17,5650
Santarém,C_18,200
Setúbal,C_19,780
Viana do Castelo,C_20,100
Vila real,C_21,135
Viseu,C_22,330
City,Code,WaterReceived
Alcacer do Sal,C_1,52
Aveiro,C_2,515
Beja,C_3,110
Braga,C_4,1208
Bragança,C_5,125
Castelo Branco,C_6,230
Coimbra,C_7,896
Covilhã,C_8,100
Estremoz,C_9,53
Évora,C_10,220
Faro,C_11,407
Guarda,C_12,177
Lagos,C_13,123
Leiria,C_14,406
Lisboa,C_15,12250
Portalegre,C_16,96
Porto,C_17,5650
Santarém,C_18,200
Setúbal,C_19,780
Viana do Castelo,C_20,100
Vila real,C_21,135
Viseu,C_22,330
City,Code,WaterReceived
Alcacer do Sal,C_1,52
Aveiro,C_2,515
Beja,C_3,110
Braga,C_4,1208
Bragança,C_5,125
Castelo Branco,C_6,230
Coimbra,C_7,896
Covilhã,C_8,100
Estremoz,C_9,53
Évora,C_10,220
Faro,C_11,407
Guarda,C_12,177
Lagos,C_13,123
Leiria,C_14,406
Lisboa,C_15,12250
Portalegre,C_16,96
Porto,C_17,5650
Santarém,C_18,200
Setúbal,C_19,780
Viana do Castelo,C_20,100
Vila real,C_21,135
Viseu,C_22,330
City,Code,WaterReceived
Alcacer do Sal,C_1,52
Aveiro,C_2,515
Beja,C_3,110
Braga,C_4,1208
Bragança,C_5,125
Castelo Branco,C_6,230
Coimbra,C_7,896
Covilhã,C_8,100
Estremoz,C_9,53
Évora,C_10,220
Faro,C_11,407
Guarda,C_12,177
Lagos,C_13,123
Leiria,C_14,406
Lisboa,C_15,12250
Portalegre,C_16,96
Porto,C_17,5650
Santarém,C_18,200
Setúbal,C_19,780
Viana do Castelo,C_20,100
Vila real,C_21,135
Viseu,C_22,330
City,Code,WaterReceived
Alcacer do Sal,C_1,52
Aveiro,C_2,515
Beja,C_3,110
Braga,C_4,1208
Bragança,C_5,125
Castelo Branco,C_6,230
Coimbra,C_7,896
Covilhã,C_8,100
Estremoz,C_9,53
Évora,C_10,220
Faro,C_11,407
Guarda,C_12,177
Lagos,C_13,123
Leiria,C_14,406
Lisboa,C_15,12250
Portalegre,C_16,96
Porto,C_17,5650
Santarém,C_18,200
Setúbal,C_19,780
Viana do Castelo,C_20,100
Vila real,C_21,135
Viseu,C_22,330
City,Code,WaterReceived
Alcacer do Sal,C_1,52
Aveiro,C_2,515
Beja,C_3,110
Braga,C_4,1208
Bragança,C_5,125
Castelo Branco,C_6,230
Coimbra,C_7,896
Covilhã,C_8,100
Estremoz,C_9,53
Évora,C_10,220
Faro,C_11,407
Guarda,C_12,177
Lagos,C_13,123
Leiria,C_14,406
Lisboa,C_15,12250
Portalegre,C_16,96
Porto,C_17,5650
Santarém,C_18,200
Setúbal,C_19,780
Viana do Castelo,C_20,100
Vila real,C_21,135
Viseu,C_22,330
City,Code,WaterReceived
Alcacer do Sal,C_1,52
Aveiro,C_2,515
Beja,C_3,110
Braga,C_4,1208
Bragança,C_5,125
Castelo Branco,C_6,230
Coimbra,C_7,896
Covilhã,C_8,100
Estremoz,C_9,53
Évora,C_10,220
Faro,C_11,407
Guarda,C_12,177
Lagos,C_13,123
Leiria,C_14,406
Lisboa,C_15,12250
Portalegre,C_16,96
Porto,C_17,5650
Santarém,C_18,200
Setúbal,C_19,780
Viana do Castelo,C_20,100
Vila real,C_21,135
Viseu,C_22,330
City,Code,WaterReceived
Alcacer do Sal,C_1,52
Aveiro,C_2,515
Beja,C_3,110
Braga,C_4,1208
Bragança,C_5,125
Castelo Branco,C_6,230
Coimbra,C_7,896
Covilhã,C_8,100
Estremoz,C_9,53
Évora,C_10,100
Faro,C_11,407
Guarda,C_12,177
Lagos,C_13,123
Leiria,C_14,406
Lisboa,C_15,12250
Portalegre,C_16,96
Porto,C_17,5650
Santarém,C_18,200
Setúbal,C_19,780
Viana do Castelo,C_20,100
Vila real,C_21,135
Viseu,C_22,330
City,Code,WaterReceived
Alcacer do Sal,C_1,52
Aveiro,C_2,515
Beja,C_3,110
Braga,C_4,1208
Bragança,C_5,125
Castelo Branco,C_6,230
Coimbra,C_7,896
Covilhã,C_8,100
Estremoz,C_9,53
Évora,C_10,220
Faro,C_11,407
Guarda,C_12,177
Lagos,C_13,123
Leiria,C_14,406
Lisboa,C_15,12250
Portalegre,C_16,96
Porto,C_17,5650
Santarém,C_18,200
Setúbal,C_19,780
Viana do Castelo,C_20,100
Vila real,C_21,135
Viseu,C_22,330
City,Code,WaterReceived
Alcacer do Sal,C_1,52
Aveiro,C_2,515
Beja,C_3,110
Braga,C_4,1208
Bragança,C_5,125
Castelo Branco,C_6,230
Coimbra,C_7,896
Covilhã,C_8,100
Estremoz,C_9,53
Évora,C_10,200
Faro,C_11,407
Guarda,C_12,177
Lagos,C_13,123
Leiria,C_14,406
Lisboa,C_15,12250
Portalegre,C_16,96
Porto,C_17,5650
Santarém,C_18,200
Setúbal,C_19,780
Viana do Castelo,C_20,100
Vila real,C_21,135
Viseu,C_22,330
City,Code,WaterReceived
Alcacer do Sal,C_1,52
Aveiro,C_2,515
Beja,C_3,110
Braga,C_4,1208
Bragança,C_5,125
Castelo Branco,C_6,230
Coimbra,C_7,896
Covilhã,C_8,100
Estremoz,C_9,53
Évora,C_10,200
Faro,C_11,407
Guarda,C_12,177
Lagos,C_13,123
Leiria,C_14,406
Lisboa,C_15,12250
Portalegre,C_16,96
Porto,C_17,5650
Santarém,C_18,200
Setúbal,C_19,780
Viana do Castelo,C_20,100
Vila real,C_21,135
Viseu,C_22,330
City,Code,WaterReceived
Alcacer do Sal,C_1,32
Aveiro,C_2,515
Beja,C_3,110
Braga,C_4,1208
Bragança,C_5,125
Castelo Branco,C_6,230
Coimbra,C_7,896
Covilhã,C_8,100
Estremoz,C_9,53
Évora,C_10,220
Faro,C_11,407
Guarda,C_12,177
Lagos,C_13,123
Leiria,C_14,406
Lisboa,C_15,12250
Portalegre,C_16,96
Porto,C_17,5650
Santarém,C_18,200
Setúbal,C_19,780
Viana do Castelo,C_20,100
Vila real,C_21,135
Viseu,C_22,330
City,Code,WaterReceived
Alcacer do Sal,C_1,52
Aveiro,C_2,515
Beja,C_3,110
Braga,C_4,1208
Bragança,C_5,125
Castelo Branco,C_6,230
Coimbra,C_7,896
Covilhã,C_8,100
Estremoz,C_9,53
Évora,C_10,220
Faro,C_11,407
Guarda,C_12,177
Lagos,C_13,123
Leiria,C_14,406
Lisboa,C_15,12250
Portalegre,C_16,96
Porto,C_17,5650
Santarém,C_18,200
Setúbal,C_19,780
Viana do Castelo,C_20,100
Vila real,C_21,135
Viseu,C_22,330
City,Code,WaterReceived
Alcacer do Sal,C_1,52
Aveiro,C_2,515
Beja,C_3,90
Braga,C_4,1208
Bragança,C_5,125
Castelo Branco,C_6,230
Coimbra,C_7,896
Covilhã,C_8,100
Estremoz,C_9,53
Évora,C_10,220
Faro,C_11,407
Guarda,C_12,177
Lagos,C_13,123
Leiria,C_14,406
Lisboa,C_15,12250
Portalegre,C_16,96
Porto,C_17,5650
Santarém,C_18,200
Setúbal,C_19,780
Viana do Castelo,C_20,100
Vila real,C_21,135
Viseu,C_22,330
City,Code,WaterReceived
Alcacer do Sal,C_1,52
Aveiro,C_2,515
Beja,C_3,80
Braga,C_4,1208
Bragança,C_5,125
Castelo Branco,C_6,230
Coimbra,C_7,896
Covilhã,C_8,100
Estremoz,C_9,53
Évora,C_10,220
Faro,C_11,407
Guarda,C_12,177
Lagos,C_13,123
Leiria,C_14,406
Lisboa,C_15,12250
Portalegre,C_16,96
Porto,C_17,5650
Santarém,C_18,200
Setúbal,C_19,780
Viana do Castelo,C_20,100
Vila real,C_21,135
Viseu,C_22,330
City,Code,WaterReceived
Alcacer do Sal,C_1,52
Aveiro,C_2,515
Beja,C_3,70
Braga,C_4,1208
Bragança,C_5,125
Castelo Branco,C_6,230
Coimbra,C_7,896
Covilhã,C_8,100
Estremoz,C_9,53
Évora,C_10,220
Faro,C_11,407
Guarda,C_12,177
Lagos,C_13,123
Leiria,C_14,406
Lisboa,C_15,12250
Portalegre,C_16,96
Porto,C_17,5650
Santarém,C_18,200
Setúbal,C_19,780
Viana do Castelo,C_20,100
Vila real,C_21,135
Viseu,C_22,330
City,Code,WaterReceived
Alcacer do Sal,C_1,52
Aveiro,C_2,515
Beja,C_3,90
Braga,C_4,1208
Bragança,C_5,125
Castelo Branco,C_6,230
Coimbra,C_7,896
Covilhã,C_8,100
Estremoz,C_9,53
Évora,C_10,220
Faro,C_11,407
Guarda,C_12,177
Lagos,C_13,123
Leiria,C_14,406
Lisboa,C_15,12250
Portalegre,C_16,96
Porto,C_17,5650
Santarém,C_18,200
Setúbal,C_19,780
Viana do Castelo,C_20,100
Vila real,C_21,135
Viseu,C_22,330
City,Code,WaterReceived
Alcacer do Sal,C_1,52
Aveiro,C_2,515
Beja,C_3,100
Braga,C_4,1208
Bragança,C_5,125
Castelo Branco,C_6,230
Coimbra,C_7,896
Covilhã,C_8,100
Estremoz,C_9,53
Évora,C_10,220
Faro,C_11,407
Guarda,C_12,177
Lagos,C_13,123
Leiria,C_14,406
Lisboa,C_15,12250
Portalegre,C_16,96
Porto,C_17,5650
Santarém,C_18,200
Setúbal,C_19,780
Viana do Castelo,C_20,100
Vila real,C_21,135
Viseu,C_22,330
City,Code,WaterReceived
Alcacer do Sal,C_1,32
Aveiro,C_2,515
Beja,C_3,110
Braga,C_4,1208
Bragança,C_5,125
Castelo Branco,C_6,230
Coimbra,C_7,896
Covilhã,C_8,100
Estremoz,C_9,53
Évora,C_10,220
Faro,C_11,407
Guarda,C_12,177
Lagos,C_13,123
Leiria,C_14,406
Lisboa,C_15,12250
Portalegre,C_16,96
Porto,C_17,5650
Santarém,C_18,200
Setúbal,C_19,780
Viana do Castelo,C_20,100
Vila real,C_21,135
Viseu,C_22,330
City,Code,WaterReceived
Alcacer do Sal,C_1,52
Aveiro,C_2,515
Beja,C_3,110
Braga,C_4,1208
Bragança,C_5,125
Castelo Branco,C_6,230
Coimbra,C_7,896
Covilhã,C_8,100
Estremoz,C_9,53
Évora,C_10,220
Faro,C_11,330
Guarda,C_12,177
Lagos,C_13,0
Leiria,C_14,406
Lisboa,C_15,12250
Portalegre,C_16,96
Porto,C_17,5650
Santarém,C_18,200
Setúbal,C_19,780
Viana do Castelo,C_20,100
Vila real,C_21,135
Viseu,C_22,330
City,Code,WaterReceived
Alcacer do Sal,C_1,52
Aveiro,C_2,515
Beja,C_3,110
Braga,C_4,1208
Bragança,C_5,125
Castelo Branco,C_6,230
Coimbra,C_7,896
Covilhã,C_8,100
Estremoz,C_9,53
Évora,C_10,220
Faro,C_11,210
Guarda,C_12,177
Lagos,C_13,158
Leiria,C_14,406
Lisboa,C_15,12250
Portalegre,C_16,96
Porto,C_17,5650
Santarém,C_18,200
Setúbal,C_19,780
Viana do Castelo,C_20,100
Vila real,C_21,135
Viseu,C_22,330
City,Code,WaterReceived
Alcacer do Sal,C_1,52
Aveiro,C_2,515
Beja,C_3,110
Braga,C_4,1208
Bragança,C_5,125
Castelo Branco,C_6,230
Coimbra,C_7,896
Covilhã,C_8,100
Estremoz,C_9,53
Évora,C_10,220
Faro,C_11,407
Guarda,C_12,177
Lagos,C_13,0
Leiria,C_14,406
Lisboa,C_15,12250
Portalegre,C_16,96
Porto,C_17,5650
Santarém,C_18,200
Setúbal,C_19,780
Viana do Castelo,C_20,100
Vila real,C_21,135
Viseu,C_22,330
City,Code,WaterReceived
Alcacer do Sal,C_1,52
Aveiro,C_2,515
Beja,C_3,110
Braga,C_4,1208
Bragança,C_5,125
Castelo Branco,C_6,230
Coimbra,C_7,896
Covilhã,C_8,100
Estremoz,C_9,53
Évora,C_10,220
Faro,C_11,407
Guarda,C_12,177
Lagos,C_13,123
Leiria,C_14,406
Lisboa,C_15,12250
Portalegre,C_16,96
Porto,C_17,5650
Santarém,C_18,200
Setúbal,C_19,780
Viana do Castelo,C_20,100
Vila real,C_21,135
Viseu,C_22,330
City,Code,WaterReceived
Alcacer do Sal,C_1,52
Aveiro,C_2,515
Beja,C_3,110
Braga,C_4,1208
Bragança,C_5,125
Castelo Branco,C_6,230
Coimbra,C_7,896
Covilhã,C_8,100
Estremoz,C_9,53
Évora,C_10,220
Faro,C_11,200
Guarda,C_12,177
Lagos,C_13,120
Leiria,C_14,406
Lisboa,C_15,12250
Portalegre,C_16,96
Porto,C_17,5650
Santarém,C_18,200
Setúbal,C_19,780
Viana do Castelo,C_20,100
Vila real,C_21,135
Viseu,C_22,330
City,Code,WaterReceived
Alcacer do Sal,C_1,52
Aveiro,C_2,515
Beja,C_3,110
Braga,C_4,1208
Bragança,C_5,125
Castelo Branco,C_6,230
Coimbra,C_7,896
Covilhã,C_8,100
Estremoz,C_9,53
Évora,C_10,220
Faro,C_11,407
Guarda,C_12,177
Lagos,C_13,123
Leiria,C_14,406
Lisboa,C_15,12250
Portalegre,C_16,96
Porto,C_17,5650
Santarém,C_18,200
Setúbal,C_19,780
Viana do Castelo,C_20,100
Vila real,C_21,135
Viseu,C_22,330
City,Code,WaterReceived
Alcacer do Sal,C_1,52
Aveiro,C_2,515
Beja,C_3,110
Braga,C_4,1208
Bragança,C_5,125
Castelo Branco,C_6,230
Coimbra,C_7,896
Covilhã,C_8,100
Estremoz,C_9,53
Évora,C_10,220
Faro,C_11,407
Guarda,C_12,177
Lagos,C_13,123
Leiria,C_14,406
Lisboa,C_15,12250
Portalegre,C_16,96
Porto,C_17,5650
Santarém,C_18,200
Setúbal,C_19,780
Viana do Castelo,C_20,100
Vila real,C_21,135
Viseu,C_22,330
City,Code,WaterReceived
Alcacer do Sal,C_1,52
Aveiro,C_2,515
Beja,C_3,110
Braga,C_4,1208
Bragança,C_5,125
Castelo Branco,C_6,230
Coimbra,C_7,896
Covilhã,C_8,100
Estremoz,C_9,53
Évora,C_10,220
Faro,C_11,407
Guarda,C_12,177
Lagos,C_13,123
Leiria,C_14,406
Lisboa,C_15,12250
Portalegre,C_16,96
Porto,C_17,5650
Santarém,C_18,200
Setúbal,C_19,780
Viana do Castelo,C_20,100
Vila real,C_21,135
Viseu,C_22,330
